prefix,빈도 기반_예측,빈도 기반_신뢰도(%),가중치 기반_예측,가중치 기반_신뢰도(%),시뮬레이션 승률(%)
pbbbbppbpp,b,64.49,b,53.39,-
pbpbppbppb,b,64.36,p,54.61,-
bpppbbpbbp,p,64.29,b,64.05,-
pbppbbbbbp,b,64.21,p,94.18,100.0
bppppbppbb,p,63.16,p,92.41,66.7
pbpppppbpb,b,62.93,p,54.41,-
bpbbppppbb,p,62.38,p,85.66,-
pbbppbbppb,p,62.28,b,59.89,-
pbbppbpbbb,p,62.16,b,77.86,-
bpbbbbbpbp,p,61.96,b,54.2,0.0
pbpbpbppbb,b,61.54,p,73.77,-
pbppbpppbp,p,61.39,p,59.91,-
bpbbpppbbb,p,61.26,p,52.29,-
pbpbbbppbb,b,61.26,b,56.9,-
bpbpbpbbpb,b,61.19,p,51.96,-
pbbpbpbppb,b,61.11,b,62.92,-
pbpbbbpppp,b,60.95,p,78.75,50.0
bpbbbbbppb,b,60.94,b,70.05,-
pbbpbbpppb,b,60.83,b,65.22,-
pbbpbbpbbp,b,60.56,p,50.2,-
pbbbppppbb,p,60.5,b,71.21,-
pbbpppbbbp,p,60.5,p,66.64,-
pbpbbbbppb,b,60.42,b,84.95,100.0
pbpppbbppb,b,60.42,b,85.52,100.0
bppbbbppbb,p,60.4,p,78.5,-
pbpbpbbbpb,b,60.34,b,74.41,100.0
bppppbbbpp,p,60.19,p,53.23,-
pbpbpbbppb,b,60.19,b,55.54,50.0
pbbpppbpbb,p,60.15,p,60.14,-
pbbppppbbb,p,60,b,58.76,75.0
pbpppbbpbp,b,60,b,60.91,-
bpppbppbpb,p,59.82,p,50.35,-
pbbbbbpbbb,b,59.63,p,58.03,-
pbppbbpbbp,b,59.63,b,81.03,100.0
bpbbpbbbpp,b,59.6,p,67.17,100.0
pbppbbbbpb,b,59.5,b,54.72,-
pbbbbbbbbb,p,59.4,p,59.43,-
bppbpbpppb,b,59.38,p,57.62,50.0
pbbbpbbbbp,b,59.35,b,67.66,0.0
pbppppppbb,b,59.34,p,53.66,100.0
pbbbbbpbpb,b,59.26,b,74.59,50.0
bppbpbpbpp,b,59.22,b,82.32,100.0
pbppbpbbpp,p,59.22,p,62.5,-
pbbppbpbpp,b,59.09,b,60.71,60.0
pbpbbpbpbb,b,59.09,b,53.76,100.0
bppbpbpbpb,b,59.05,b,63.68,100.0
bpbbbppbpp,b,58.93,b,78,-
bppbppppbp,b,58.75,p,61.55,-
pbbbbbbppb,b,58.72,p,53.1,-
bpbbpbbbpb,b,58.68,p,52.05,50.0
pbpbbpbbbb,p,58.68,p,61.79,0.0
bppbbbbpbp,p,58.65,b,50.65,-
bppbpbpbbp,p,58.65,p,61.82,-
pbbbbppbbb,b,58.59,p,66.7,-
bppppbpbpb,p,58.49,p,75.53,-
bppbbbbpbb,p,58.46,p,60.69,-
bpppbbppbb,b,58.41,b,78.63,-
bpbbpbbpbb,p,58.33,p,57.91,-
bpbppbbbbb,b,58.26,b,90.2,-
bpbbpbbppb,b,58.18,p,75.59,33.3
bpbppbbppb,b,58.12,b,81.09,-
bpppbppppb,b,58.1,b,73.56,-
pbppppppbp,b,58.1,b,96.48,-
pbbbbpbbpp,p,58.04,p,61.25,-
pbpbpbbbbp,b,58,b,87.82,-
pbppppbbpb,p,57.98,p,58.63,-
bpbbbpppbp,p,57.89,p,68.85,-
pbppbpbppb,b,57.89,b,57.67,-
bpbppbpbpb,b,57.84,b,55.98,100.0
bppppppbbb,b,57.84,b,82.7,-
pbbbpppppp,b,57.83,p,67.1,33.3
bpbppbppbb,p,57.76,b,52.59,-
bpbpbbbbbp,p,57.69,p,63.62,-
pbpppbpppb,p,57.66,b,57.41,-
bpbppbpppp,b,57.65,b,62.24,66.7
bpbbpbppbb,b,57.6,p,56.74,50.0
bpbpppbppb,b,57.45,b,68.56,33.3
pbbppppbbp,p,57.41,p,59.53,-
bpppppppbb,p,57.39,b,76.16,-
pbppppbbbb,b,57.26,b,51.68,50.0
bpbbbbbppp,b,57.14,p,55.24,-
bpbpppbpbp,p,57.14,p,71.94,100.0
bppbpbbppp,b,57.14,p,59.9,-
bpppbpbbbp,b,57.14,b,57.16,-
bpbbppbbpb,b,57.02,b,59.46,50.0
bpbpppppbp,b,57.01,p,58.88,-
pbpbpbpbpp,p,57,p,70.8,-
pbpbbbbbpp,b,56.92,b,67.98,-
bppbppbbpp,b,56.88,p,68.75,-
pbppbpppbb,b,56.88,b,65.42,-
pbbpbpppbp,b,56.84,b,51.29,100.0
bpbbbpbbpp,b,56.78,p,62.89,66.7
bpbppppbbp,b,56.76,p,50.87,100.0
bpbpbpbppb,b,56.73,b,69.02,-
pbbpppppbp,p,56.73,p,84.13,-
pbbppbbpbb,p,56.72,p,68.65,-
pbpbpppbpb,b,56.7,b,71.88,-
bpbpppbbpb,p,56.69,b,85.65,-
bpbppppppp,b,56.6,p,79.54,-
pbppbppbbb,b,56.6,b,66.97,-
bpbpbbpbbp,b,56.59,b,78.21,-
bpbpppbppp,b,56.52,p,50.76,0.0
bppbpbbppb,p,56.52,b,65.16,0.0
pbbppbpppb,p,56.52,b,82.09,-
pbpppbpppp,b,56.52,p,71.49,-
bpbppbbpbp,b,56.49,b,93.43,-
pbbppbbbpb,b,56.49,p,69.91,-
pbpppbpbpp,p,56.38,p,89.38,75.0
pbpbppbbbb,p,56.3,b,76.57,0.0
pbpbppbbpp,b,56.3,p,55.47,-
bppbbbpbpb,p,56.25,b,65.38,-
bppbbpbbbb,p,56.25,p,77.9,80.0
bppbppbppb,b,56.25,b,60.73,-
bppppppppb,b,56.25,b,81.61,25.0
pbpbpbbpbp,p,56.25,b,52.82,-
pbpbppbbbp,b,56.25,b,56.63,100.0
pbbbpbbpbp,p,56.2,p,51.74,-
pbpppbbbbb,p,56.2,p,77.97,-
bppppbpbbb,p,56.1,b,61.34,0.0
pbbbpbbppb,b,56.1,p,58.53,50.0
pbppbppbpp,b,56.1,p,64.42,75.0
bpppbbpbbb,p,56.03,p,52.62,-
bpppbppbbb,b,56,p,69.1,-
pbbppppbpb,b,56,p,68.48,-
bppbbbbbbb,p,55.88,b,78.39,-
bpbbbbppbp,b,55.86,b,58.12,0.0
bpppppbbbb,b,55.79,b,59.15,75.0
bpbbpbppbp,b,55.75,b,68.03,-
bppppppbpp,p,55.68,b,66.12,100.0
bpbpbpbpbp,p,55.67,p,55.49,-
pbpbpppbbb,b,55.66,b,71,-
pbbbpbbbpp,p,55.65,p,61,33.3
bpbbbbpppp,b,55.56,b,54.05,0.0
bppbpbppbb,p,55.56,p,73.31,-
pbbpppbbbb,p,55.56,b,50.98,100.0
pbpppbppbp,b,55.56,b,64.74,100.0
pbppbbpbpp,b,55.46,b,51.76,-
pbbbpbppbb,b,55.45,b,92.11,-
pbppbbbpbp,b,55.45,p,55.51,-
pbbbbpbbpb,b,55.38,b,82.33,-
pbbbbbbppp,p,55.37,p,58.8,-
bppbpbpbbb,b,55.36,b,71.32,-
pbbbbbpbbp,p,55.36,p,53.88,-
pbbpbppppp,b,55.36,b,50.82,-
bpbppbpbpp,p,55.34,b,63.39,-
bpppbbpbpp,b,55.34,b,59.52,50.0
bpppppbpbp,b,55.29,b,66.82,-
bppbppbbbp,b,55.21,b,93.33,-
pbpppbbbpp,p,55.21,p,77.75,66.7
bpbppbbbbp,b,55.2,b,75.93,-
bppbbppbbp,b,55.2,b,56.04,-
pbppbbbbbb,b,55.2,b,66.53,-
pbbbbbbpbb,b,55.17,p,67.23,-
bpbpbpbbbb,b,55.14,b,71.24,100.0
pbbpppbppp,p,55.1,p,60.55,0.0
bpppbbbpbb,p,55.05,p,63.63,100.0
pbbbpppbpb,p,55,p,84.73,-
bpbbbbpbpp,p,54.95,p,56.04,100.0
bpbppbppbp,b,54.95,b,63.31,-
bppppbbpbp,p,54.95,b,57.67,-
pbbbbbppbb,b,54.95,b,58.37,-
pbbpbbppbb,p,54.95,p,51.6,-
pbbpbpbppp,p,54.95,b,50.62,-
pbpbbbbpbb,p,54.95,b,67.26,-
pbpbbbbbpb,p,54.9,p,66.53,0.0
bpbpbbbpbp,p,54.81,b,53.85,-
pbbbppbbbp,b,54.81,b,66.17,-
bpbpbbpppb,p,54.78,p,66.48,-
bppppbbpbb,p,54.78,b,64.61,100.0
pbbpbbbpbp,b,54.78,p,68.93,-
bpbbbbbbbb,b,54.76,p,54.13,-
bpbpbbppbb,p,54.76,p,71.63,-
pbpbbbppbp,b,54.76,p,79.61,-
bpppbbbbbp,b,54.72,p,62.29,-
pbbpppbpbp,b,54.7,p,60.87,-
bpppbbppbp,p,54.65,p,58.84,100.0
pbpbppbppp,b,54.65,p,58.72,33.3
bppbbppppp,p,54.64,b,75.91,60.0
pbbbbbppbp,b,54.64,b,78.61,75.0
pbppbppppb,b,54.64,p,54.18,-
pbbpbppbpp,p,54.63,b,54.73,0.0
bppbbbbppb,p,54.62,p,55.19,-
pbbpbppppb,b,54.62,p,50.25,-
bpbpbbpppp,b,54.55,b,70.11,-
bpppbbbbpp,b,54.55,p,68.74,-
bppppppppp,p,54.55,p,50.06,-
bpbpppbbbb,b,54.47,b,61.86,-
bppbppbbpb,b,54.47,b,57.08,-
bppppppbpb,p,54.46,p,63.09,-
pbppbbbpbb,b,54.46,b,74.46,-
bpbbpbpbbb,p,54.4,b,52.79,-
pbbpbpbpbp,p,54.39,b,65.94,-
pbpbpbpbbp,b,54.39,b,51.28,-
bppppbbbbp,b,54.37,p,55.8,25.0
bpppppbbpb,p,54.37,b,63.85,-
pbbbpbpppb,p,54.37,p,70.39,50.0
pbpbbbbppp,b,54.35,p,71.8,-
bppbppbpbb,p,54.31,p,72.99,-
pbbpbpbbpb,p,54.31,b,68.59,-
pbppbppbbp,b,54.31,b,74.7,-
bpbpbbpbbb,b,54.29,p,52.59,-
bppbpbpppp,b,54.29,b,62.7,-
bppppbbbpb,b,54.29,b,92.27,-
pbppppbppb,p,54.26,p,68.34,50.0
pbpppppppp,b,54.26,p,57.37,-
bpbbppppbp,b,54.24,p,67.62,-
bpbpbbbppp,b,54.21,b,68.57,100.0
bpbpbbpbpp,b,54.17,p,54.48,-
bppbbbpppp,b,54.17,b,68.04,33.3
bpppbpppbb,b,54.17,b,66.59,-
pbbbbpbpbb,b,54.13,p,68.49,60.0
pbbppppppb,b,54.08,p,69.45,-
pbpppbpbbb,p,54.08,p,81.53,-
pbbbpppbbp,b,54.05,p,59.74,-
pbbbppbbpb,b,54,p,60.52,100.0
pbbpbbbbbp,p,54,b,62.64,50.0
pbpbpbpppp,p,54,p,67.89,0.0
pbppbbbppb,b,54,p,50.44,-
bpbbbpbpbp,b,53.98,b,75.84,0.0
pbppbbpbpb,b,53.97,b,55.46,100.0
bpbbbppbpb,b,53.91,p,61.14,-
bpbbpbpppb,b,53.91,p,52.85,-
bppbbbbbbp,p,53.91,p,53.83,-
pbbppbpppp,b,53.91,p,77.14,-
pbpbpbbbbb,p,53.91,p,68.99,-
pbppbpbpbb,b,53.91,p,50.09,-
bppbbbbbpp,p,53.85,b,64.85,100.0
bppbbpbpbp,p,53.85,b,67.29,50.0
bppbpppppb,b,53.85,b,74.11,-
bpppbpbppp,b,53.85,b,67.31,-
bpppppbpbb,p,53.85,p,61.83,-
bppppppbbp,p,53.85,b,54.49,100.0
pbbbppbpbb,b,53.85,b,94.08,-
pbbppbbppp,b,53.85,p,73.27,0.0
pbppppbppp,p,53.85,p,61.48,100.0
pbppbbpbbb,b,53.78,b,57.56,-
bpppbbbbbb,b,53.77,p,75.69,-
bpppppbbbp,p,53.77,b,85.57,-
pbbbbpbpbp,p,53.77,b,56.64,100.0
pbbppbppbp,b,53.77,b,76.44,0.0
bpbbbbbbbp,b,53.72,b,74.29,-
bpbpbpbppp,p,53.7,p,68.7,-
pbbpppbppb,p,53.7,b,53.34,-
pbpbbbpbpb,b,53.7,p,64.69,66.7
pbbbbbbbbp,b,53.64,b,53.47,100.0
bpbbpbbbbp,p,53.62,p,71.68,-
pbppppbpbp,b,53.61,b,56.34,-
bpbbbbbbpb,b,53.57,b,75.82,100.0
bpbpbpppbb,p,53.57,p,53.44,-
pbbbbpbbbb,p,53.57,b,60.9,40.0
pbppbbppbp,b,53.57,b,73.3,100.0
bpppbbpbpb,b,53.54,b,74.02,-
pbppbbpppp,b,53.54,b,58.61,50.0
bpbbppbbpp,b,53.51,b,57.71,-
pbppbbppbb,p,53.49,p,79.75,-
bppbpppppp,p,53.47,b,70.08,-
pbpbbppbpp,b,53.47,b,58.88,40.0
bpbbpbpppp,b,53.45,p,55.21,-
pbbpbbpbpp,p,53.44,p,63.44,-
bpbbppbbbb,p,53.4,p,57.95,100.0
bpbbpbpbpp,b,53.39,p,53.87,-
pbbpbpbpbb,b,53.39,p,68.48,60.0
bpbbpppbbp,b,53.38,p,50.95,-
bpbbppbbbp,b,53.33,p,68.19,-
bpbbppbppp,p,53.33,p,80.98,28.6
pbpbbpbpbp,b,53.33,b,53.42,66.7
pbppbppbpb,b,53.33,p,71.29,100.0
bpbpppbbpp,b,53.27,p,53.66,0.0
pbbbppbpbp,p,53.27,p,56.77,-
pbbbppbppp,b,53.26,p,51.61,0.0
pbpbbbbbbb,p,53.23,p,78.13,-
bpbbpbbbbb,b,53.21,b,64.48,-
bppppbpppb,p,53.21,p,50.78,-
bppbbpbppb,b,53.17,b,71.52,-
bppbbppbpb,p,53.17,p,58.92,-
pbpbbpppbp,b,53.17,b,64.55,-
bppppbbbbb,b,53.15,p,53.77,-
bpbbpppppp,b,53.12,b,88.04,83.3
bpbpbbppbp,b,53.12,b,61.74,-
bppbpbbpbp,b,53.12,b,66.07,-
pbpbpbpbpb,b,53.12,b,62.52,100.0
pbpbppppbp,b,53.12,b,90.78,0.0
pbbpbpbbpp,b,53.1,p,69.08,40.0
pbbpppbbpb,b,53.08,b,60.94,-
bpbbpbbpbp,b,53.06,p,53.45,-
bpppbbbbpb,b,53.06,p,55.93,60.0
bppbppppbb,b,53.04,b,85.4,-
pbpppppbpp,p,53.01,p,85.51,-
bppbppbbbb,b,52.99,b,58.61,-
bppbpppbbb,p,52.99,p,58.64,-
pbbbpbbbbb,p,52.99,p,65.93,100.0
pbbppppbpp,p,52.99,p,50.4,-
pbpbbpbppp,p,52.99,b,78.75,-
bpbpbppbpb,b,52.94,p,62.4,0.0
bppbbppppb,p,52.94,b,65.98,-
pbbppbppbb,b,52.88,p,68.03,50.0
bppbppbppp,b,52.87,b,72.56,0.0
bppbpbbpbb,b,52.85,p,57.91,-
bpppbbpppb,p,52.83,p,70.46,-
bppppbbppp,b,52.83,b,79.21,50.0
pbbbppbbpp,p,52.83,b,68.84,71.4
bppbpppbpb,p,52.81,p,77.62,0.0
pbbbpbbbpb,p,52.8,b,69.38,-
pbbpbppbbp,p,52.8,p,76.6,-
bpbppbbppp,b,52.78,p,72.4,33.3
pbpbbbbpbp,b,52.78,b,71.86,-
pbbpbppbbb,p,52.76,b,55.71,-
bpbpbppppb,b,52.73,b,57.97,-
bpppppbppb,b,52.69,b,55.37,66.7
pbpbbppppp,b,52.69,b,76.49,100.0
bpbbppbpbb,p,52.68,p,82.36,-
pbpbbppppb,b,52.68,b,58.79,-
pbpbppbbpb,p,52.67,b,70.98,-
bpbpppbbbp,b,52.63,p,52.13,33.3
pbbbpbbppp,b,52.63,b,51.83,25.0
bpbpbbbbbb,b,52.59,p,70.19,-
bpbppbbpbb,b,52.59,b,81.14,-
pbpbbpbbpp,p,52.59,p,83.21,-
pbbbbpppbp,p,52.53,p,93.46,-
pbbpppppbb,p,52.53,p,62.22,-
pbppbpbbpb,p,52.46,b,70.1,-
bpbbppbppb,b,52.43,b,54.49,-
pbbpbbppbp,p,52.43,p,51.39,100.0
bpbbbppppb,b,52.42,p,51.63,-
pbpbbppbbb,p,52.38,p,65.28,-
bpbbbbbpbb,b,52.34,p,80.73,-
bpbpbpbbpp,b,52.34,b,67.74,-
pbpppbbppp,p,52.34,p,53.14,-
bpbpbppbpp,b,52.33,p,54.63,0.0
pbpbpbppbp,b,52.33,p,62.22,-
bppbbbbbpb,b,52.29,p,89.7,-
pbbbbppppb,p,52.29,p,69.12,-
pbpppbbbbp,b,52.29,b,54.75,-
bpbpbbbbpb,b,52.25,p,58.89,-
bpppbpbbpp,b,52.25,p,52.93,-
bpbbbpbbbb,p,52.24,b,52.52,-
bppppbbppb,b,52.21,b,75.13,-
pbbbpbpbpp,b,52.21,b,60.17,-
bpbbbbpbbp,b,52.17,b,87,66.7
bppbbbpbbp,b,52.17,p,52.85,-
pbbpbbbbpb,b,52.17,b,69.47,-
pbbpbpbbbb,b,52.17,b,76.43,-
pbpbbbbbbp,b,52.14,p,57.02,-
pbppbbbbpp,b,52.14,b,61.56,-
pbbpbbbppp,b,52.13,b,55.94,57.1
pbpppbpbpb,p,52.13,b,52.69,-
bpbppppbbb,b,52.1,b,60.18,-
pbbpbbbppb,b,52.1,b,72.63,-
pbpbbpppbb,p,52.1,p,55.99,-
bppbbpbbpp,b,52.08,p,72.25,-
pbppbbbppp,p,52.08,b,56.82,100.0
pbpppppbbb,b,52.08,p,51,-
bpppbbbppp,p,52.04,p,74.7,-
bpbbppbpbp,p,52,p,62.14,-
bppbbbpppb,p,52,b,66.37,-
pbbbbppbbp,p,52,p,76.06,-
pbppppbpbb,p,52,p,74.65,-
pbbpbbbbpp,p,51.97,p,73.78,-
bpppbpbbbb,p,51.96,p,64.48,0.0
pbpppbbpbb,b,51.96,b,66.06,-
bppbbppbbb,p,51.92,p,63.43,75.0
bpbbpppppb,p,51.89,b,53.34,-
bpppbbpppp,b,51.89,p,64.89,-
pbbppbbbbb,b,51.89,b,55.81,0.0
pbbbbbbbpb,p,51.85,b,89.52,-
pbbbpppbpp,p,51.85,p,84.75,-
pbppbbpppb,b,51.85,p,69.37,-
pbbpppbbpp,b,51.82,b,60.57,-
pbpbppbpbb,p,51.82,b,59.54,-
pbppppbbbp,b,51.82,b,72.17,-
bpbbbpbppp,b,51.79,b,54.55,-
bpbpppbpbb,b,51.79,b,67.66,-
bpppbpppbp,b,51.75,p,64.81,-
bpbpbbbbpp,p,51.72,p,50.19,50.0
bppbppbpbp,p,51.72,p,68.74,-
bppbpppbbp,b,51.72,p,56.66,100.0
pbpbppppbb,b,51.72,p,54.71,-
pbbpbppbpb,p,51.69,p,55.29,0.0
pbbpbpppbb,p,51.69,b,68.63,-
pbbbbpbbbp,b,51.67,b,66.91,-
bpppbbbpbp,b,51.65,p,57.05,-
pbbbbbpppb,p,51.64,p,76.45,-
pbbbpbpbpb,b,51.64,p,67.74,-
pbpbbpbppb,p,51.64,p,79.23,-
bpppbppbbp,p,51.61,p,78.78,0.0
pbbbppbppb,p,51.56,p,68.94,-
bppbpbbbbp,p,51.55,p,60.72,-
pbppbpbpbp,p,51.55,b,58.28,100.0
bpbbpbpbpb,p,51.54,b,78.54,-
bpppppbppp,b,51.52,p,62.21,-
bpbppbpbbb,b,51.49,b,78.84,-
bppbbbbppp,b,51.49,p,73.77,50.0
pbbpbbpppp,b,51.49,p,67.62,-
pbpbpppppp,p,51.49,p,68.56,-
bppbbpbbpb,b,51.47,b,65.97,-
bppbbpbppp,p,51.46,p,60.12,0.0
bppppbpbpp,b,51.46,b,73.71,50.0
pbbpbbbbbb,p,51.46,b,50.64,0.0
bpbbbpbbpb,b,51.45,b,52.32,-
bpppppbbpp,b,51.43,b,53.85,-
pbbbpbpbbp,p,51.43,p,73.37,0.0
pbppbpbbbb,b,51.43,b,79.69,-
pbppbppppp,p,51.39,p,56.35,50.0
bpbbpppbpp,b,51.38,p,51.73,0.0
bpbppbpppb,b,51.38,p,82.39,-
pbpbbpbbbp,b,51.38,p,62.48,100.0
bpbbbbbbpp,b,51.35,p,65.64,-
bpbbbbpppb,b,51.35,p,56.75,-
bpbbbpbppb,p,51.35,p,69.94,100.0
pbbbbbpbpp,b,51.35,p,60.54,-
pbbbbpbppb,p,51.35,b,75.88,-
bpbbbpbpbb,b,51.33,p,61.49,0.0
pbbbppppbp,b,51.33,p,54.51,-
pbbpbbpbbb,b,51.3,b,67.47,0.0
bpppbpbbpb,b,51.28,b,58.59,-
bpbbbppppp,b,51.25,b,58.8,40.0
bppbbpbpbb,p,51.24,p,75.83,-
pbbbbppbpb,p,51.22,b,63.29,-
bpbbbbpbpb,p,51.2,b,80.47,100.0
bpbbpppbpb,b,51.2,b,60.16,-
pbbpbbpbpb,p,51.13,b,63.73,-
pbpbbpbbpb,p,51.13,b,61.39,-
bpbpbbbpbb,b,51.11,b,51.98,-
pbbpbbbpbb,b,51.06,p,56.79,-
pbbbbbbpbp,b,51.04,p,60.11,50.0
pbbbpbppbp,p,51.04,b,62.7,100.0
bpbpbppbbb,p,51.03,p,79.72,-
bpbpbpppbp,b,51.02,b,82.7,0.0
bpbpbbpbpb,p,51,b,60.23,80.0
bpbpbpbpbb,p,50.98,p,59.11,50.0
pbbbpppppb,b,50.98,p,51.73,-
pbbbbbpppp,b,50.96,p,56.92,-
pbbbbpppbb,p,50.96,p,62.03,-
pbpppbpbbp,b,50.96,p,68.86,-
pbpbbbpppb,b,50.94,p,57.17,50.0
pbpbbppbpb,b,50.94,p,55.77,-
bpbppppbpb,p,50.93,p,55.79,0.0
bpbpppppbb,b,50.93,b,64.04,-
bppbbppbpp,b,50.93,b,52.77,100.0
bppbpppbpp,p,50.93,b,68.17,-
bpbppbbbpp,p,50.89,b,71.21,50.0
pbbbpbpbbb,p,50.89,p,61.6,-
pbbppbbbbp,b,50.89,p,67.35,-
bpppbpbpbp,b,50.88,b,54.95,-
bppbpbbbpp,p,50.86,b,73.46,-
bppbpbppbp,p,50.86,p,57.67,-
bpbbbpppbb,p,50.85,p,51.28,-
bpbbpbbppp,p,50.85,p,60.25,-
bpbpbbbppb,p,50.85,p,66.55,-
bpppbbbppb,b,50.83,p,59.08,-
pbbbbbbbpp,p,50.83,b,68.56,-
bppbpbbbpb,p,50.82,p,62.69,-
bpbbbbpbbb,b,50.77,p,52.12,-
bpbbbppbbb,b,50.77,b,58.84,-
pbpbpbbpbb,b,50.76,p,54.97,0.0
bpppbpbppb,b,50.57,p,54.42,100.0
pbbbpppbbb,b,50.57,b,67.93,50.0
bpbbbppbbp,p,50.54,p,88.73,0.0
bpppbppbpp,p,50.54,b,84.04,0.0
pbpbpppbpp,p,50.54,b,58.84,33.3
pbbbbppppp,p,50.53,b,74.35,50.0
pbpbppbpbp,b,50.53,b,65.3,-
pbpbpppppb,p,50.53,p,58.59,0.0
bppbbbpbpp,p,50.52,p,58.89,100.0
pbppbpbbbp,b,50.52,b,75.65,50.0
bpbpbppppp,p,50.51,b,52.38,0.0
bppppbpbbp,p,50.51,p,53.67,-
pbbppppppp,b,50.51,b,58.45,-
bpbppppbpp,p,50.5,p,93.71,100.0
bpbppppppb,b,50.5,b,73.9,25.0
bpppbpbpbb,b,50.5,p,66.09,-
bppppbpppp,b,50.5,p,53.14,-
bpppppppbp,b,50.5,b,73.38,-
pbbppbbpbp,p,50.5,p,81.98,0.0
pbbbpbpppp,p,50.49,b,79.37,-
pbbppbbbpp,b,50.49,p,51.65,0.0
pbpbpbpppb,b,50.49,p,56.39,0.0
pbpppbppbb,p,50.49,b,57.1,-
pbpppppbbp,b,50.49,p,77.04,-
pbpppbbbpb,b,50.48,b,55.36,-
bppppbppbp,p,50.47,b,51.28,-
bppbbpppbp,b,50.46,p,61.4,-
pbbbppbbbb,p,50.45,b,65.15,-
pbpbbbpbpp,p,50.45,p,54.73,-
pbpbpbbbpp,b,50.45,b,56.73,-
pbpbpbpbbb,b,50.45,p,56.79,-
pbppbpbppp,b,50.45,b,54,-
pbpppppppb,p,50.44,p,71.22,-
bpbppbpbbp,p,50.43,p,54.69,100.0
bppbbpbbbp,b,50.43,b,56.91,-
pbbppbpbbp,b,50.43,b,59.44,-
bppbbpppbb,p,50.41,p,53.93,-
pbbbpbbpbb,b,50.41,p,85.35,-
pbpbpppbbp,b,50.41,b,65.12,-
bpbpbpbbbp,p,50.4,p,56.56,-
bppbbbpbbb,p,50.4,p,64.91,-
pbbpbpbbbp,b,50.4,p,72.43,-
bpbbbpbbbp,b,50.39,p,60.32,100.0
bpbppbbbpb,b,50.38,p,64.88,-
bpbbbbppbb,b,50,p,75,100.0
bpbbpbpbbp,b,50,p,50.21,0.0
bpbpbppbbp,b,50,p,82.17,-
bppbbbppbp,b,50,b,62.31,-
bppbpbbbbb,p,50,p,95.9,-
bpppbppppp,b,50,p,51.23,0.0
pbbbbpbppp,p,50,b,63.99,-
pbbppbpbpb,b,50,p,69.97,50.0
pbpbbbpbbb,p,50,b,62.54,-
pbpbbbpbbp,p,50,p,52.13,-
pbpbbppbbp,p,50,b,59.05,-
pbpbpbbppp,p,50,p,58.83,100.0
pbppppbbpp,p,50,p,71.71,0.0
