window_size,csv_prefix,grid_string_id,string_length,grid_string,full_chunk,suffix
11,bbbpbbbbbb,138,33,bbbpbbbbbbpppbbbpppbpppppbbppppbb,bbbpbbbbbbp,p
11,bbbpbbbbbb,1004,60,bbbpbbbbbbpbbbppbppbbpppppbpppbbppbppbbpbbpbbbbpbppbbbpppbpb,bbbpbbbbbbp,p
11,bbbpbbbbbb,1612,60,bbbpbbbbbbbpbbbpbppbbbpbbbpbbppbpbpbpbbbpppbbbppbbppbbppbpbp,bbbpbbbbbbb,b
11,bbbpbbbbbb,1621,43,bbbpbbbbbbbbpbbppbpbppbbppbppppbbbppbpbpppp,bbbpbbbbbbb,b
11,bbbpbbbbbb,1782,55,bbbpbbbbbbpppppbbpppbpbbppppbbpbppbbbbbpppbbpbbbpbbbbbp,bbbpbbbbbbp,p
11,bbbpbbbbbb,2613,45,bbbpbbbbbbbbbpppppbbbbbpbppbbbpbpbpbpppbpbbbb,bbbpbbbbbbb,b
11,bbbpbbbbbb,3530,58,bbbpbbbbbbpbpbpbppbbbpbbbpppbppbpbpbpbpbbppbppbppbpppbpbpb,bbbpbbbbbbp,p
11,bbbpbbbbbb,5443,55,bbbpbbbbbbbbbpppbpbpbpbbpbppbbpppbppbbbbbbbpbbpbpppppbb,bbbpbbbbbbb,b
11,bbbpbbbbbb,5577,37,bbbpbbbbbbppbbbbbbpbppbbpbpbbbbbpppbb,bbbpbbbbbbp,p
11,bbbpbbbbbp,1625,56,bbbpbbbbbpbppppbpppbpppbpbpbpbbbpbpbpbppbbbpppbbbbbbpbpb,bbbpbbbbbpb,b
11,bbbpbbbbbp,2245,51,bbbpbbbbbpbbbppbbppppppbpppbbppbppbpppbppbbpbppbbpp,bbbpbbbbbpb,b
11,bbbpbbbbbp,6013,38,bbbpbbbbbpppppppbpbpppbpbppbbpppbpbppp,bbbpbbbbbpp,p
11,bbbpbbbbbp,6370,63,bbbpbbbbbpppbbppppbppbbpbbppbbppbbpbpbbbpbpppbbppppppbbbpbpbbbb,bbbpbbbbbpp,p
11,bbbpbbbbpb,2720,47,bbbpbbbbpbbpppbbppbpbpppbbbbbpbpbbbbbpbpbbbpppb,bbbpbbbbpbb,b
11,bbbpbbbbpb,3889,55,bbbpbbbbpbbppppbbbpbbbppppbbbpbbpbpbpppbbpbpbbbppbbbpbb,bbbpbbbbpbb,b
11,bbbpbbbbpb,5985,45,bbbpbbbbpbpbpbbbpppppppbppppbpbbbbbbpbbppbbpp,bbbpbbbbpbp,p
11,bbbpbbbbpp,706,32,bbbpbbbbppbpbbbbbbppbbpppbbppppb,bbbpbbbbppb,b
11,bbbpbbbbpp,2103,48,bbbpbbbbpppbbbpbbpbbpbpbbbbpbbpbbbbbbpbbbppppppb,bbbpbbbbppp,p
11,bbbpbbbbpp,2309,45,bbbpbbbbppbppbpppbpbpbpbbbpbppbpbbbppbbppbpbb,bbbpbbbbppb,b
11,bbbpbbbbpp,2511,57,bbbpbbbbppbpbpbbpbpbbbpbpppppppbbpbbbbpbbppppbbpbpbpbbppb,bbbpbbbbppb,b
11,bbbpbbbbpp,2589,60,bbbpbbbbpppbbppbbpbppbppbbpbbbbpbbbbbppbpbbbpbpppbbpbpbpbppp,bbbpbbbbppp,p
11,bbbpbbbbpp,2955,60,bbbpbbbbpppppbbbbbbpbbpbpbbbppbppbpppbppbppbpbbpbbpbbbpppbbp,bbbpbbbbppp,p
11,bbbpbbbbpp,4027,63,bbbpbbbbppppbpbbbpbpppbpbbbbbbbbbppbbpbbpbppbpbbbbpbpbppbpbbpbp,bbbpbbbbppp,p
11,bbbpbbbbpp,4130,52,bbbpbbbbppbbbbpbbppbbppbppppppbpbppppbpbbbppbbppbbbp,bbbpbbbbppb,b
11,bbbpbbbbpp,5209,58,bbbpbbbbpppbppbbbbppbbpbbpbbpppbpbppbpbbbbppbpbpbbbbppbbbb,bbbpbbbbppp,p
11,bbbpbbbbpp,5663,51,bbbpbbbbppbbpppbbppbbbpppbbpbbbbppbpbbpbpppbpbbbbbp,bbbpbbbbppb,b
11,bbbpbbbbpp,6144,66,bbbpbbbbppbpbpbbbpppbbppbppbbpbbppbbppbpbpppbppppbpbbbbppppbpbpbbp,bbbpbbbbppb,b
11,bbbpbbpbbp,69,20,bbbpbbpbbpbbpbbbbbpp,bbbpbbpbbpb,b
11,bbbpbbpbbp,297,34,bbbpbbpbbpbpbpbbpppbpppbpbpbpbbbbp,bbbpbbpbbpb,b
11,bbbpbbpbbp,2679,66,bbbpbbpbbppbbpbpppppbbppbppppppbbbbppbbppppppppbbpbpbpbpbbppbbbbpp,bbbpbbpbbpp,p
11,bbbpbbpbbp,2806,48,bbbpbbpbbpbpbpbppbbppbbbbpbppbppbpppbpbpbpbbbppb,bbbpbbpbbpb,b
11,bbbpbbpbbp,3932,54,bbbpbbpbbpbbbbpbbpbbpbpppppbbbbbppppbbbbbbppppppppbbbp,bbbpbbpbbpb,b
11,bbbpbbpbbp,4678,32,bbbpbbpbbpbbbbbbbbpbbppppbppbpbp,bbbpbbpbbpb,b
11,bbbpbbpbpb,118,23,bbbpbbpbpbppbbpbbbpbppp,bbbpbbpbpbp,p
11,bbbpbbpbpb,1205,39,bbbpbbpbpbpbpppbpbbpppppbbpbpbpppbbppbp,bbbpbbpbpbp,p
11,bbbpbbpbpb,1236,59,bbbpbbpbpbppbbppbpbbppppbpppbppbppppbpbppbpbppbbbpbpbpbbbbb,bbbpbbpbpbp,p
11,bbbpbbpbpb,1632,63,bbbpbbpbpbbppbbbbbbbbbppbbbbpbbppppbpbppbbbpbbbbbbpbbbbbppppbpb,bbbpbbpbpbb,b
11,bbbpbbpbpb,3135,65,bbbpbbpbpbbppbbpbbpbpbppbbpppppppppbppppbppbbpbbbppbbbpbbpppbpppb,bbbpbbpbpbb,b
11,bbbpbbpbpb,3223,49,bbbpbbpbpbpppbpppbbppbppbpppbbbbpbbppbbpbpbbbbbpp,bbbpbbpbpbp,p
11,bbbpbbpbpb,5222,55,bbbpbbpbpbbpbpppbpppppppppbbppppppbpppppppbbbbpbbpbpbpp,bbbpbbpbpbb,b
11,bbbpbbpbpb,5442,41,bbbpbbpbpbpbbbbppppbbbppbpbbbbpbbppbbbpbp,bbbpbbpbpbp,p
11,bbbpbbpbpb,5770,48,bbbpbbpbpbbpbpbpppbbbpbpbbbpbbppbbbbbppbpbbppbpb,bbbpbbpbpbb,b
11,bbbpbbpbpp,40,41,bbbpbbpbppbbbbbpbpbpppbbbppbppbbbpbbpppbb,bbbpbbpbppb,b
11,bbbpbbpbpp,944,64,bbbpbbpbppbpbbbbbbbbbppppbpppbbbbbpbppbbpbbbbbppppppbbppbpbbbpbb,bbbpbbpbppb,b
11,bbbpbbpbpp,2124,46,bbbpbbpbppbbpbpbppbbbpbbbpbbppbpbbbpppbbbpbbpb,bbbpbbpbppb,b
11,bbbpbbpbpp,3023,63,bbbpbbpbpppppbbppbbpppbbbppppbbpbbpbbpbppbppbppppbbbbppbpbpbppb,bbbpbbpbppp,p
11,bbbpbbpbpp,3850,52,bbbpbbpbpppppbpbppppbppbbbpppbbpbppppbbpppppbbbbbbbp,bbbpbbpbppp,p
11,bbbpbbpbpp,4907,42,bbbpbbpbppppbbbbppppbpbpppppbbppbpbpbbppbb,bbbpbbpbppp,p
11,bbbpbbpbpp,5859,52,bbbpbbpbppbppppbbbpppppppbbppbbppbbbpppbbppbbbbppppp,bbbpbbpbppb,b
11,bbbpbbpbpp,6307,38,bbbpbbpbppbppbbppbppbpbpbpppbppbbbpppp,bbbpbbpbppb,b
11,bbbpbbppbb,54,23,bbbpbbppbbbpbbpbbbbpppb,bbbpbbppbbb,b
11,bbbpbbppbb,855,33,bbbpbbppbbbppppbpbpbpbbpppbbpbppb,bbbpbbppbbb,b
11,bbbpbbppbb,2123,60,bbbpbbppbbbpbpppppppbbpbbbbppbpbbbpbbbppbpppbppbbpbbpbpppbbb,bbbpbbppbbb,b
11,bbbpbbppbb,2174,51,bbbpbbppbbbbpppbpbbbppbpbpbbbbbbpppbbpbbpbpbbbppppp,bbbpbbppbbb,b
11,bbbpbbppbb,4103,49,bbbpbbppbbppbbbbpbbbbpbbppbpbbbbpbpbpbbbpppbbbpbb,bbbpbbppbbp,p
11,bbbpbbppbb,4411,46,bbbpbbppbbpbbbppbpppbpbpbppbpbbpbbpbppppbbppbp,bbbpbbppbbp,p
11,bbbpbbppbb,4717,47,bbbpbbppbbbbbpbbpbbbppbbpbppbbbbbbpbppbpbbpbbbb,bbbpbbppbbb,b
11,bbbpbbppbb,4851,60,bbbpbbppbbbbbbppbpbbpppbbbbbbppbpppbpbbppbpbbppbbppppbbbpbbp,bbbpbbppbbb,b
11,bbbpbbppbp,155,23,bbbpbbppbpbbpbbppbbbbbp,bbbpbbppbpb,b
11,bbbpbbppbp,1337,56,bbbpbbppbpppbbbpbbpbpbppbppbpbpppbbpbpppbbbbbbbpbppbpppp,bbbpbbppbpp,p
11,bbbpbbppbp,1382,64,bbbpbbppbppppbbppppbppbbbbpppbppbbppbppbppppppbpbpppppbbppbpbbbb,bbbpbbppbpp,p
11,bbbpbbppbp,2261,47,bbbpbbppbppppbbpbpbpbbppbbbpbpppbpbpbpbpppppbbp,bbbpbbppbpp,p
11,bbbpbbppbp,3311,43,bbbpbbppbppppbbbbpppbpppbbbpbpbbpppbbbbbpbp,bbbpbbppbpp,p
11,bbbpbbppbp,4666,55,bbbpbbppbppbbpppbpbbbpbbbbpbbpppbbbbpbppbppbppbpbppbbpb,bbbpbbppbpp,p
11,bbbpbbppbp,4901,48,bbbpbbppbppbppbbppbpppppbbbpppbbpbpbbpppppbpbbbp,bbbpbbppbpp,p
11,bbbpbbppbp,5041,59,bbbpbbppbppbppppbbbbppbbppppppbpppbbbbbppbbpbppbbbbpppbbppb,bbbpbbppbpp,p
11,bbbpbbppbp,5803,54,bbbpbbppbpbpbbbppbbppbbbbbppbbbbbppbbppbpbbpbbpbbppbpp,bbbpbbppbpb,b
11,bbbpbbpppp,1020,61,bbbpbbpppppbpbbpbbpbbppbppppbppbpbbbpbpbbppppbpbbbbbpppppbpbb,bbbpbbppppp,p
11,bbbpbbpppp,2352,50,bbbpbbpppppppbbpbpbpbbbpbbpbppppbpppbbpbbbpbbbbbpb,bbbpbbppppp,p
11,bbbpbbpppp,2627,40,bbbpbbpppppbpbbppppbbpbbppbpbppbpbbbbpbb,bbbpbbppppp,p
11,bbbpbbpppp,3726,56,bbbpbbpppppppbppbpbppbbbpppbpppbpppppbbbbbpbppbpppbpbbbb,bbbpbbppppp,p
11,bbbpbbpppp,3957,52,bbbpbbpppppbbbbppppbppbpppbpbpppbbpbpbbppppbpbbpbbbb,bbbpbbppppp,p
11,bbbpbbpppp,5387,56,bbbpbbpppppppbbpppbpppppppbppbbpbbpbbppppbbbbppppppppbbb,bbbpbbppppp,p
11,bbbpbpbbbb,1150,33,bbbpbpbbbbpppbpbbbpbpbbppbbppbppb,bbbpbpbbbbp,p
11,bbbpbpbbbb,1727,56,bbbpbpbbbbppbbpbbbppbpbpbpppbpppbpbbbbppbbbbbppppbppppbp,bbbpbpbbbbp,p
11,bbbpbpbbbb,3379,48,bbbpbpbbbbppbpbbbpbpbbbpbbbpbbpbpbbbppbpbpbbpbbp,bbbpbpbbbbp,p
11,bbbpbpbbbb,4477,56,bbbpbpbbbbbbbbpbppbbbbbbbbpbppbbpbpppbbbbppbbbpppbbbpppp,bbbpbpbbbbb,b
11,bbbpbpbbbb,5781,34,bbbpbpbbbbbpbbppppppbpppbpbbbpbppp,bbbpbpbbbbb,b
11,bbbpbpbbpb,192,17,bbbpbpbbpbbpbbppb,bbbpbpbbpbb,b
11,bbbpbpbbpb,1085,59,bbbpbpbbpbbppbbbbpbppbpppbppppbbppbbbbpbbpbpbbbbbbbbppppbpp,bbbpbpbbpbb,b
11,bbbpbpbbpb,1581,67,bbbpbpbbpbbppbppbbbbbpbbppbppbbppbpbpbbpbbppbppppbpbppbpppbpppbbbpp,bbbpbpbbpbb,b
11,bbbpbpbbpb,1731,33,bbbpbpbbpbbpppbbpppbpppppbbpbbbpb,bbbpbpbbpbb,b
11,bbbpbpbbpb,1735,37,bbbpbpbbpbbpppbbpppbpppppbbpbbbpbpbbb,bbbpbpbbpbb,b
11,bbbpbpbbpb,1747,43,bbbpbpbbpbppbbpbbpbpbbpbbbbbpbpbppbpbpbbbbp,bbbpbpbbpbp,p
11,bbbpbpbbpb,2943,58,bbbpbpbbpbpbpbpbbppppbppbpppbppppppbpbbbbpbpbbpbbpbbpppbbp,bbbpbpbbpbp,p
11,bbbpbpbbpb,4230,34,bbbpbpbbpbbppbbbppbpppbpbpbpbppppp,bbbpbpbbpbb,b
11,bbbpbpbbpb,5234,51,bbbpbpbbpbbpbpbbbpbpbppppbpbbpppbpbbpppbpbbppppbbbb,bbbpbpbbpbb,b
11,bbbpbpbbpp,4414,48,bbbpbpbbppbbbbbpppbbpppbpbpppbppbbbpbbpbpbpbbbbb,bbbpbpbbppb,b
11,bbbpbpbbpp,5180,46,bbbpbpbbppbppppbpbbpbpppppbppppbbpbbbpbbpbppbb,bbbpbpbbppb,b
11,bbbpbpbbpp,5519,56,bbbpbpbbppbbpppbppppbppbppbpbpppbbbpbpbbpbbbpbbppbbbbppb,bbbpbpbbppb,b
11,bbbpbpbpbb,168,28,bbbpbpbpbbpbpbbppbpbbpppbppb,bbbpbpbpbbp,p
11,bbbpbpbpbb,522,47,bbbpbpbpbbpppbpbppppbppbpbbpbbbbbbpbbbbbbbpppbp,bbbpbpbpbbp,p
11,bbbpbpbpbb,1112,44,bbbpbpbpbbbbbbpbpbpbpbbppbbpbbpbbbpbbbbbbbbb,bbbpbpbpbbb,b
11,bbbpbpbpbb,1251,42,bbbpbpbpbbpppbbppbbbpbbbpbpbbpbbpppbpbpbpp,bbbpbpbpbbp,p
11,bbbpbpbpbb,4145,42,bbbpbpbpbbppbbpbppbbpbbbbpbppppppbppbpbppp,bbbpbpbpbbp,p
11,bbbpbpbpbb,4403,52,bbbpbpbpbbbbbpppbbbppbppbbpbbbpbbbbpbpbbppbpbbpbbppb,bbbpbpbpbbb,b
11,bbbpbpbpbb,5256,39,bbbpbpbpbbpbbbbbbppbbbbbpbpbpbbppbbpbpp,bbbpbpbpbbp,p
11,bbbpbpbpbb,6021,33,bbbpbpbpbbpbpbpbpppppppbbppbbppbb,bbbpbpbpbbp,p
11,bbbpbpbpbp,1682,41,bbbpbpbpbpbpbbpbbbpppbppbpppppbppbpbpbbpb,bbbpbpbpbpb,b
11,bbbpbpbpbp,1873,65,bbbpbpbpbpbbbpppbbbpbbbbbbbbbppbppppppppbbppbppbpbpbbpppbbpbbbpbb,bbbpbpbpbpb,b
11,bbbpbpbpbp,2463,46,bbbpbpbpbpppppppbbpppbbpbbbbpbppbppbbppbpbppbp,bbbpbpbpbpp,p
11,bbbpbpbpbp,3267,41,bbbpbpbpbppbppbppbppbbbppppbbpppbpbpbpbpb,bbbpbpbpbpp,p
11,bbbpbpbpbp,3736,49,bbbpbpbpbpbppppbbpppbpbbbbbbbpbpbppbpbppppppbppbb,bbbpbpbpbpb,b
11,bbbpbpbpbp,4110,55,bbbpbpbpbpbpbpppbbbppbbbpbbppbbpbppbpppbpbpbppbppbbpbbp,bbbpbpbpbpb,b
11,bbbpbpbpbp,4821,55,bbbpbpbpbpbpbbpbppppbbbbbbpbpbpppppbppbpbbbpbbbpbpbbbbp,bbbpbpbpbpb,b
11,bbbpbpbpbp,5522,62,bbbpbpbpbpbbpbbpbpbpppppbbpbbpbppbpbbbbbppbbbbbppbppbbbbbbpbpb,bbbpbpbpbpb,b
11,bbbpbpbpbp,5675,52,bbbpbpbpbpbbbbppppbbbbpbpppbbppbpbbpbbpbppbbpbbbpbpp,bbbpbpbpbpb,b
11,bbbpbpbpbp,5784,35,bbbpbpbpbppbbpppbppbppbppbpbbbpbbpb,bbbpbpbpbpp,p
11,bbbpbpbppb,16,32,bbbpbpbppbpbbbppppppppbbbppbbppb,bbbpbpbppbp,p
11,bbbpbpbppb,99,20,bbbpbpbppbbpppbbbbbp,bbbpbpbppbb,b
11,bbbpbpbppb,592,48,bbbpbpbppbbbbbbbppbbbbppbbppbpbpbbbbbpbbbpppppbp,bbbpbpbppbb,b
11,bbbpbpbppb,1876,56,bbbpbpbppbppbpbpbpbbpbbpbppbbbbbbbbpbpbbbbppbpbbpbbbpbpp,bbbpbpbppbp,p
11,bbbpbpbppb,2283,38,bbbpbpbppbbbbpbbpbpbpbbbpbbppppbbpppbp,bbbpbpbppbb,b
11,bbbpbpbppb,5242,40,bbbpbpbppbbbbpbppbpbpbbppbbppppppbpbpbbb,bbbpbpbppbb,b
11,bbbpbpbppb,5309,53,bbbpbpbppbpbppbbpbbbppbppbppbbpppbpppbpbppbppbbbbbpbp,bbbpbpbppbp,p
11,bbbpbpbppb,5460,67,bbbpbpbppbbbppbbbbpbbbbbpppbbbpbpbbbpbpbbppbbbpbbpbppbpbbbbbbbbbbpp,bbbpbpbppbb,b
11,bbbpbpbppb,6366,44,bbbpbpbppbbpbbbpbppppbbpbbpbppppbbpbbpppbppp,bbbpbpbppbb,b
11,bbbpbppbbp,2268,51,bbbpbppbbppbbbpbbppbbpbbpbpbbbbpbbppbbbpppbpbbpbppb,bbbpbppbbpp,p
11,bbbpbppbbp,2847,49,bbbpbppbbpbbppbppbpbppppbbpbpppbbbbbpppbppppbppbb,bbbpbppbbpb,b
11,bbbpbppbbp,4303,43,bbbpbppbbpbbbpbbbppbbpbppppbbpbpbppbpppbppp,bbbpbppbbpb,b
11,bbbpbppbbp,5148,57,bbbpbppbbpppbpbbbpbbpbbpbbbpbpppbbbbbpbbppbppbbbpppbbppbb,bbbpbppbbpp,p
11,bbbpbppbbp,5155,52,bbbpbppbbpbpppppbpppppbppbpbppppbbbpbbbbbpbpppbppbbp,bbbpbppbbpb,b
11,bbbpbppbbp,6123,33,bbbpbppbbpbpbpbbpbpbpppbbbbpbpppb,bbbpbppbbpb,b
11,bbbpbppbbp,6371,57,bbbpbppbbpbbbbbpbbbpbbppbbbpbppbppppbbpbbpppbbbppppbbpbpp,bbbpbppbbpb,b
11,bbbpbppbpb,73,22,bbbpbppbpbpppbppbbpbpb,bbbpbppbpbp,p
11,bbbpbppbpb,1390,55,bbbpbppbpbbppbpbpppbbbbbppbpppppbppbbpbbbbpbbpbpbpbpbpp,bbbpbppbpbb,b
11,bbbpbppbpb,4637,62,bbbpbppbpbpbbbbbpbppppbbbbbpbppbbppbbppbbpbbpbbbppbpbppppbpbbb,bbbpbppbpbp,p
11,bbbpbppbpb,5592,53,bbbpbppbpbpppppbpbbpbbpbpbbpbbpppppbbpbbbbpbpbppbbbbp,bbbpbppbpbp,p
11,bbbpbppbpb,5918,53,bbbpbppbpbbpbbbbbpbbbbbppbbpbpbbpbbbbbpppppbppbpbpbbb,bbbpbppbpbb,b
11,bbbpbppbpp,1263,47,bbbpbppbppbbbbppbbbpbbppbpppbppbbppbpbbbbbbbbpb,bbbpbppbppb,b
11,bbbpbppbpp,1303,59,bbbpbppbpppbpbbppppbpbbbpbbpbbpbpbpppbpppbppbbbbpbbbpbppppp,bbbpbppbppp,p
11,bbbpbppbpp,2039,43,bbbpbppbppbpbbbpbbbppbbpbppbbbpbpbpppbbbbbp,bbbpbppbppb,b
11,bbbpbppbpp,2046,49,bbbpbppbppbpbbbpbbbppbbpbppbbbpbpbpppbbbbbpbbpbpp,bbbpbppbppb,b
11,bbbpbppbpp,5050,37,bbbpbppbpppbpbbbppbbpbppbbbbpbppbpbbb,bbbpbppbppp,p
11,bbbpbppbpp,5511,47,bbbpbppbppbbbbbbbbbpppppbpppppbbbppppppbpbpbppb,bbbpbppbppb,b
11,bbbpbppbpp,5670,35,bbbpbppbpppbpbppbppbbbpppbpbbpbppbb,bbbpbppbppp,p
11,bbbpbppbpp,5700,58,bbbpbppbppbbbbpbbbpppppbpbpbpbbbbppbbbbpppbbbbbppbbppbbbpb,bbbpbppbppb,b
11,bbbpbppbpp,6182,54,bbbpbppbppbbbppppbpppbbppbpppbppbbppppbppbbppbbbpbpppb,bbbpbppbppb,b
11,bbbpbppbpp,6373,44,bbbpbppbpppbpbbpbpppbbpbbbpppbpbbppppppbbppb,bbbpbppbppp,p
11,bbbpbppppb,244,56,bbbpbppppbppbpppbbbbbbpbbppbpbbbpbpbpppppbpbpppppppbpbbb,bbbpbppppbp,p
11,bbbpbppppb,3049,52,bbbpbppppbbppppppbbbpbpbpppbpbbbppppbbbpppppbbbbbpbp,bbbpbppppbb,b
11,bbbpbppppb,3863,52,bbbpbppppbpbppbbbbpbpppbpbpppbbpbpbppppbpbpbppppbpbb,bbbpbppppbp,p
11,bbbpbppppb,4228,55,bbbpbppppbbpbppbbppppppbbbppbbpbpbppppppbbbpbppbbpbpbbp,bbbpbppppbb,b
11,bbbpbppppb,4806,57,bbbpbppppbppppbbbpbbppppbppbbbppbbppppbbpbbppbbbbbbppbbpb,bbbpbppppbp,p
11,bbbpbppppb,5095,37,bbbpbppppbpbpppbpbbbpbpbpbbbpbpppbbpb,bbbpbppppbp,p
11,bbbpbppppb,5133,39,bbbpbppppbpbpbbbbpbbpbpppbpbppbbpbbbbpp,bbbpbppppbp,p
11,bbbpbppppb,6136,61,bbbpbppppbbppbbpppppbbbpbbbppbbbbbpbbppbbbbpbbbbppbpbpppbbpbb,bbbpbppppbb,b
11,bbbpbppppp,844,51,bbbpbppppppppbpppbbbpbppbpbpbpbpbbbbpbpppbpbbbbpbbp,bbbpbpppppp,p
11,bbbpbppppp,1103,43,bbbpbpppppbbbbpbpbbbbbbbpbbpbbbbpbbbppppbbp,bbbpbpppppb,b
11,bbbpbppppp,1781,53,bbbpbpppppbpbbppbpbpppbpppbbpppbbbbpbpbbbpbpbbbpbbpbp,bbbpbpppppb,b
11,bbbpbppppp,2078,52,bbbpbpppppbbbbpbbppbbpbpbbppbpbppbbpbbpppbbppbppbbbp,bbbpbpppppb,b
11,bbbpbppppp,2293,53,bbbpbpppppbbbbbpbbbpbbppbbbppbpbbppbpppbbpbbppbbppbbp,bbbpbpppppb,b
11,bbbpbppppp,5018,51,bbbpbppppppbppbbbpppbpbbpppbppbpbpppbbbppppppbbpbbb,bbbpbpppppp,p
11,bbbppbbbbb,66,23,bbbppbbbbbbbppbbpppbbbb,bbbppbbbbbb,b
11,bbbppbbbbb,1381,41,bbbppbbbbbppppbbppbbpppbbbpppppbbbbbpbppb,bbbppbbbbbp,p
11,bbbppbbbbb,1613,53,bbbppbbbbbbpbbbpbbpbbbbpbpppbbbbbpbpbpbbppbppbpbbbpbb,bbbppbbbbbb,b
11,bbbppbbbbb,1829,38,bbbppbbbbbbpbpbbbbpbbpppppbppbbppbbppp,bbbppbbbbbb,b
11,bbbppbbbbb,3858,49,bbbppbbbbbbpbbbbbbbppbppbpbppppbppbpbbbpbpbbbbbbb,bbbppbbbbbb,b
11,bbbppbbbbb,4553,61,bbbppbbbbbbbbpbbpbpbpppppbbppbpppbpppbpbbbpbpppbpbpbbpbpppbbp,bbbppbbbbbb,b
11,bbbppbbbbb,4708,48,bbbppbbbbbbbbpppbppppbpbbbbpbbbppbbpbpbpppbbpbpb,bbbppbbbbbb,b
11,bbbppbbbbb,4903,49,bbbppbbbbbbpppppbbbpbppbbbpppbpppppbbpbbppbppbbpp,bbbppbbbbbb,b
11,bbbppbbbbb,5051,66,bbbppbbbbbbppbbppbbppbbbppppppppbbbppbbbpbbbbbppbbppbbbbbbpppbpppp,bbbppbbbbbb,b
11,bbbppbbbbb,5213,58,bbbppbbbbbbpbpbbbbbppbbppbbppbbppppppppbppppppbbpbbpbppppb,bbbppbbbbbb,b
11,bbbppbbbbb,6005,37,bbbppbbbbbbbppbpbpbbbbbbbpppbbppbbpbb,bbbppbbbbbb,b
11,bbbppbbbbp,4176,56,bbbppbbbbpppbbpppppbbbbbpbppppbppbppppbppbppbbbbpbpbbppp,bbbppbbbbpp,p
11,bbbppbbpbb,476,41,bbbppbbpbbbbbppppppbbpppppppppbpppbppppbb,bbbppbbpbbb,b
11,bbbppbbpbb,1818,48,bbbppbbpbbppbpppbbpbbpbpppbbbbppppbpppbpbbpbbbpp,bbbppbbpbbp,p
11,bbbppbbpbb,1824,41,bbbppbbpbbbpbpbbppppppbbbpbbpbppbbbbbpbpb,bbbppbbpbbb,b
11,bbbppbbpbb,3149,39,bbbppbbpbbpbbbbbbbppbpbbbpbpbpppbbbbpbp,bbbppbbpbbp,p
11,bbbppbbpbb,3353,64,bbbppbbpbbbpppbppbpbbppppbbppppppppbbbbpbbppppbpbbbpbpbppbpbbbpb,bbbppbbpbbb,b
11,bbbppbbpbb,4774,49,bbbppbbpbbpbbppbbbpbbbbpbpbbbbpbpbppbpbpppppbpbbb,bbbppbbpbbp,p
11,bbbppbbpbb,5529,42,bbbppbbpbbppppbpbbppppbpppbpbppbbpbpbbbpbp,bbbppbbpbbp,p
11,bbbppbbpbb,6268,46,bbbppbbpbbbppbbbbppbpbbpbpbbpppbbbbbbbpbbbbppp,bbbppbbpbbb,b
11,bbbppbbpbp,806,12,bbbppbbpbpbp,bbbppbbpbpb,b
11,bbbppbbpbp,814,64,bbbppbbpbpbpbpppppbbbbbbpppppppbbpppbpbpppbbbbbbpbppbppbpbpbbbpb,bbbppbbpbpb,b
11,bbbppbbpbp,1474,49,bbbppbbpbppbbbpbpbpbbbbbbpbpbpbbpbbbbbpbpbpbbpbbb,bbbppbbpbpp,p
11,bbbppbbpbp,2156,60,bbbppbbpbppbbppbppbbbpbpbpbbppbbbpbpbppbpbbbpbbbbbbbppbppbbp,bbbppbbpbpp,p
11,bbbppbbpbp,2923,48,bbbppbbpbppbbpbpbpbpbpppbbbbpbbppbppppppbbpbbpbb,bbbppbbpbpp,p
11,bbbppbbpbp,3866,50,bbbppbbpbppbppbpbbpbpbbpbbpppbbpbbppbbbpppppbbbbpb,bbbppbbpbpp,p
11,bbbppbbpbp,4771,53,bbbppbbpbppbbbbpppbbppbbpbppbpbbppbppbppbbbppbbppppbp,bbbppbbpbpp,p
11,bbbppbbpbp,5178,36,bbbppbbpbpbpbbpbbbpbbppppbpppbbpbbpb,bbbppbbpbpb,b
11,bbbppbbppb,4999,42,bbbppbbppbbpbbbbpbbbpbpbbpbpbpppppbpbpbbbb,bbbppbbppbb,b
11,bbbppbbppb,5093,52,bbbppbbppbbbbbppppbpbbpbpbpbpbpppbpbpbppbbbbbpbbpbpb,bbbppbbppbb,b
11,bbbppbpbbp,752,58,bbbppbpbbpbbpbbbbpppbpbbppbppbbppbpbbbpppbpbpbbbbbpbbbbbbp,bbbppbpbbpb,b
11,bbbppbpbbp,2506,44,bbbppbpbbppbpbpbbpbpbpbbbpbbbpbpbpbbbbbbpbpp,bbbppbpbbpp,p
11,bbbppbpbbp,3356,63,bbbppbpbbppbbbpbbbbpbbpbbbpppbbbpppbppbbppppbpbbbbpbbpbbpppbbbb,bbbppbpbbpp,p
11,bbbppbpbbp,5504,39,bbbppbpbbppbbpbbppbbbpbppbbppbbpbbbppbb,bbbppbpbbpp,p
11,bbbppbpbbp,5612,41,bbbppbpbbpppbppppppbpbbbppbppppbbpbbbpbbp,bbbppbpbbpp,p
11,bbbppbpbbp,5946,37,bbbppbpbbppppbppbbppbpppppbbppbbpbppp,bbbppbpbbpp,p
11,bbbppbpbbp,6083,44,bbbppbpbbpppbppbbpbpbpppbbbbbbbpbbpppbppbbbp,bbbppbpbbpp,p
11,bbbppbpbpb,1034,49,bbbppbpbpbpbpbpbbbbpbbbbppppppbbbbpbppppppppppppb,bbbppbpbpbp,p
11,bbbppbpbpb,1214,44,bbbppbpbpbbbbpppbbbbpbbppbbbbpbppbbbbbpppbbp,bbbppbpbpbb,b
11,bbbppbpbpb,1469,41,bbbppbpbpbpbpbbbbpbbpbpbpbppbpbbbppbbbppp,bbbppbpbpbp,p
11,bbbppbpbpb,1669,54,bbbppbpbpbpbppbbbbpbpbbpbpbbbpppbppbpppbppbbppppppppbb,bbbppbpbpbp,p
11,bbbppbpbpb,3331,51,bbbppbpbpbbppbbpbbppbbppbbppbbpbbbpppbbbpbpbpbpppbp,bbbppbpbpbb,b
11,bbbppbpbpb,3672,59,bbbppbpbpbpppppppbbbppppppbppbbpbpbpbppbpbbppppbbpbbbbpbpbb,bbbppbpbpbp,p
11,bbbppbpbpb,4237,58,bbbppbpbpbppbbpbppbppbpppbpbpbbppppbpbpppbppbpbbpppbbppppb,bbbppbpbpbp,p
11,bbbppbpbpb,4694,34,bbbppbpbpbppbbbbbbbbbppbbbbpbppppb,bbbppbpbpbp,p
11,bbbppbpbpb,4848,54,bbbppbpbpbpbpppbppbbppbpbbpppppbpppbppbpbpbbppbpbpbbpp,bbbppbpbpbp,p
11,bbbppbpbpb,5537,41,bbbppbpbpbbbbpppppbbbppbbbbpbbpbppbbbbbpp,bbbppbpbpbb,b
11,bbbppbpbpp,858,41,bbbppbpbppbppppbbbpppppppbbbbbbpppbbpbbbp,bbbppbpbppb,b
11,bbbppbpbpp,2454,47,bbbppbpbppbbbpbbpbpbppbpbbpbpppbbbbbpbpppbpbpbp,bbbppbpbppb,b
11,bbbppbpbpp,5081,35,bbbppbpbpppbbpbpbpbbpbbppppbbbbbppb,bbbppbpbppp,p
11,bbbppbpbpp,5571,63,bbbppbpbppppbbppppbpbbbpbpppbpbbpbbbbpppbbpbpbppbpbppppbbbbppbp,bbbppbpbppp,p
11,bbbppbppbb,1002,58,bbbppbppbbpbbpbbpbbppppbbbpbbppbpbbbppbbbpbbppbbpbbppbpbpb,bbbppbppbbp,p
11,bbbppbppbb,1277,54,bbbppbppbbbbbbbpbpbpppbppbpbbpppbbbbppbbpbpppppbpppbbp,bbbppbppbbb,b
11,bbbppbppbb,2300,49,bbbppbppbbpbbbppbppppbbbbpbpbpppbpppbbpbppbpbbpbb,bbbppbppbbp,p
11,bbbppbppbb,3387,56,bbbppbppbbbpbpbpbbbbbpbpppppbpppbpbbbpbbbbbbbbbppppppppb,bbbppbppbbb,b
11,bbbppbppbb,4030,46,bbbppbppbbbpbbbpbbbbpbbbpbpbpppbpbbpppbbbppppb,bbbppbppbbb,b
11,bbbppbppbb,5139,56,bbbppbppbbbppbbbpbbppbpbpbbpbbbbbpbppbbpbbbpbppbbpbbbppp,bbbppbppbbb,b
11,bbbppbppbb,5469,52,bbbppbppbbpbbbbpbbpbbppbbpbpbbbbpbpppbpbbppbppbpbbpb,bbbppbppbbp,p
11,bbbppbppbb,5475,56,bbbppbppbbbpbbpbppbbbbbbbppbbpbbpppbpbpbpppbpppbppbbpbbp,bbbppbppbbb,b
11,bbbppbppbp,353,30,bbbppbppbppbbbbppbppbbpbppbbpp,bbbppbppbpp,p
11,bbbppbppbp,724,62,bbbppbppbpbpbpppppppbpppbpppbpbpbbbppbbbbbbpbppppppbpbbbpbpbbb,bbbppbppbpb,b
11,bbbppbppbp,4029,50,bbbppbppbppbbbbbpbbppbpbppbbbpbpppbbpbpbbpppbpbpbb,bbbppbppbpp,p
11,bbbppbpppp,1377,50,bbbppbpppppppbpbpbpppbbpbpbpppppbbpbbbpbpbbpbppbbp,bbbppbppppp,p
11,bbbppbpppp,2882,59,bbbppbppppppbbbbppbpppbppbbpbpppbbppbbbbpbbpbbbpbbbbbppbbbb,bbbppbppppp,p
11,bbbppbpppp,3226,57,bbbppbpppppbbpbpppppbpbbbbpbbppbbpbppppbppbpbbbbbpbbpppbp,bbbppbppppp,p
11,bbbppbpppp,4551,48,bbbppbppppppbbpbpppbbppbbbbppbpbbbpbbbbppbbbpbpp,bbbppbppppp,p
11,bbbppbpppp,4631,47,bbbppbppppbpppppppppbppbppbpbpbbpbbpbpbppppbbbp,bbbppbppppb,b
11,bbbppppbbp,918,51,bbbppppbbpppbbppppbbpbpbbbpbpbbbbbppppbbbpppbbbbppb,bbbppppbbpp,p
11,bbbppppbbp,955,41,bbbppppbbpbbbbppbppbpbpbppbppbpbbpppppbpp,bbbppppbbpb,b
11,bbbppppbbp,1165,56,bbbppppbbppbbpppbbbppbbpbpbbppbppbbbbbbppbbpbbbppppbppbb,bbbppppbbpp,p
11,bbbppppbbp,1329,47,bbbppppbbpppppbppppbbbpppbpppbbppppbbppbpbppbpb,bbbppppbbpp,p
11,bbbppppbbp,3982,57,bbbppppbbpppbbppbpbbppppbppbbpppbpbbpppbbppbbpbpppbbbpbbp,bbbppppbbpp,p
11,bbbppppbpb,882,47,bbbppppbpbbppbppppbppppbppppbbbbppbpbppppbbbbbb,bbbppppbpbb,b
11,bbbppppbpb,1245,38,bbbppppbpbbbpppbppbpbppppbbbbbpbbbbppb,bbbppppbpbb,b
11,bbbppppbpb,1728,43,bbbppppbpbbpbpppppbbbbpbpbppbpbpbbpbbbbbpbb,bbbppppbpbb,b
11,bbbppppbpb,4590,60,bbbppppbpbpbpbbbppppbbbpbbppbbpbbppbbbbbbbppbpbbpbbbpbpbbbpb,bbbppppbpbp,p
11,bbbppppbpb,5691,45,bbbppppbpbbpppbpbbppppbppbppbbpbbbbbbbbpppbbb,bbbppppbpbb,b
11,bbbppppbpb,6061,58,bbbppppbpbpppbbpppppbbbpbbbbbbppbbppbbppbbbpbbpppbbpppbppb,bbbppppbpbp,p
11,bbbppppbpp,70,21,bbbppppbpppppbbpbbbpp,bbbppppbppp,p
11,bbbppppbpp,1108,42,bbbppppbppppbbpbpppbbppppbpbbbbbpppbppbpbp,bbbppppbppp,p
11,bbbppppbpp,2144,46,bbbppppbppppbpbpbbppppbppbpppbppbppbppbpbppbpb,bbbppppbppp,p
11,bbbppppbpp,2680,60,bbbppppbppppbpbbppppbbbpppbpbbppbppbpbppbbpbbppbbpppbbpppppp,bbbppppbppp,p
11,bbbppppbpp,2769,50,bbbppppbppbppbpppbbbbpbbbpbbbpbpppbbbpbbppbpbbpbbp,bbbppppbppb,b
11,bbbppppbpp,3896,48,bbbppppbpppbpppbpbbbpbpppbbpbbpbppbppbpbpppbbpbb,bbbppppbppp,p
11,bbbppppbpp,3927,46,bbbppppbpppbpbppppppbbpbbpppbbppbpbbpbpbbpbpbp,bbbppppbppp,p
11,bbbppppbpp,4319,50,bbbppppbppppbpbpbpppbpbbppppbbbpbpbpbppbbbbppppppp,bbbppppbppp,p
11,bbbppppbpp,5618,51,bbbppppbpppbpbbbbbpbbbpbbpppbbbbpbppbppbbbbbbpbbppp,bbbppppbppp,p
11,bbbpppppbb,1703,53,bbbpppppbbppbppbppbbbbbbbpbbppbpbppbpbbpbbpbpppbbbpbp,bbbpppppbbp,p
11,bbbpppppbb,2021,59,bbbpppppbbpbpbbbpbbbbpbppbbppppbppbbpbppppppppbppppbppbpbpb,bbbpppppbbp,p
11,bbbpppppbb,2312,19,bbbpppppbbbbbbppbpb,bbbpppppbbb,b
11,bbbpppppbb,2862,64,bbbpppppbbbppbppppppbbbbpbppbppppbbbbbbpbppbpbbbbbpbbppppppbppbp,bbbpppppbbb,b
11,bbbpppppbb,4332,47,bbbpppppbbppbppbpbpbpbpppppbpppppbbpbppbbpbbppp,bbbpppppbbp,p
11,bbbpppppbb,4408,44,bbbpppppbbbppppbppbpbbbbppbpbpbpppppbbbbbbbb,bbbpppppbbb,b
11,bbbpppppbb,4682,65,bbbpppppbbppbpppbppbbpbppppbpbpbbpbpbbppbbppbppbbpbpbpppppppbbppb,bbbpppppbbp,p
11,bbbpppppbb,5706,62,bbbpppppbbpbpbppbbpppppppbbbbbbpbpppbbpbbpppppppppbbpbbpppbbbp,bbbpppppbbp,p
11,bbbpppppbp,1667,38,bbbpppppbppbppbpppbbpbpbbppbbbbpppbpbb,bbbpppppbpp,p
11,bbbpppppbp,1677,44,bbbpppppbppbppbpppbbpbpbbppbbbbpppbpbbpbpppb,bbbpppppbpp,p
11,bbbpppppbp,2337,62,bbbpppppbppbbppbbbppbbbbbbbbppppppbbbpppbppppbppbbbbbbpppbpbbp,bbbpppppbpp,p
11,bbbpppppbp,2477,57,bbbpppppbpbbbbppbbbbpbbpppbpbbpbbpbpbbbpppbbpbpbpbpbbbbpb,bbbpppppbpb,b
11,bbbpppppbp,2629,44,bbbpppppbpbpbppppppppbbpppbpbbppbbpbpbbbbpbb,bbbpppppbpb,b
11,bbbpppppbp,2997,62,bbbpppppbpbbbpppppbpbbbpbbpppbpbbbbppbbbpbppbpppbppbpbppppppbp,bbbpppppbpb,b
11,bbbpppppbp,3160,48,bbbpppppbppppbbbpbbppbbpbbpbpbppppbbbppppbpbpbbb,bbbpppppbpp,p
11,bbbpppppbp,5489,61,bbbpppppbpbpppbbbbbbbpbbbbbppbppbpbppbpbbpppbpbpbpbbpbppbpppp,bbbpppppbpb,b
11,bbbpppppbp,5933,51,bbbpppppbpppbpbbpbbppbppppppbbpbpbppbbbpbpbbbpppbbp,bbbpppppbpp,p
11,bbbpppppbp,6183,41,bbbpppppbppbbbpbbpbpppppbppbbpbpbbbpppbpp,bbbpppppbpp,p
11,bbbppppppb,1318,53,bbbppppppbbbbbbppbpbbpbppbbbbpppbppbbpbpbpppbbppbbbpp,bbbppppppbb,b
11,bbbppppppb,2612,54,bbbppppppbbpppbppbpbpbbbbpbbpbpppbbbbbbpbbppppppbpbppb,bbbppppppbb,b
11,bbbppppppb,2701,56,bbbppppppbbppbbbbbppbpbbbbpbbppbpppbpbppppbppppbbpbppbbp,bbbppppppbb,b
11,bbbppppppb,5503,51,bbbppppppbbbpbpbbppppbbpbbbbbbppbbppbbbpbbbpbbpbppp,bbbppppppbb,b
11,bbbppppppp,3098,67,bbbpppppppbppbpppbpbpppppbbbbbpbbbbpbppbpbpbbpppbpbpbpbbbbbppppbbpp,bbbpppppppb,b
11,bbbppppppp,3639,49,bbbpppppppbpbbpppbppbpbppbpbbbpppbpppbbppppbppbpp,bbbpppppppb,b
11,bbbppppppp,5211,48,bbbpppppppbbpppppbpbbbpbbpbbbbbpbpppppppbbpppbbp,bbbpppppppb,b
11,bbbppppppp,5677,60,bbbppppppppppbbbppbbbbbppppbpbbbpbbpppbpppbppbbbbbpppbpbpppp,bbbpppppppp,p
11,bbbppppppp,6327,61,bbbppppppppbppppbppppbpbbpbbpbpbpppppppbpbbpbpppbbpbppppbpbpp,bbbpppppppp,p
11,pppbbbbbbb,132,23,pppbbbbbbbpbbppbpbbppbb,pppbbbbbbbp,p
11,pppbbbbbbb,189,20,pppbbbbbbbbpppppbbpp,pppbbbbbbbb,b
11,pppbbbbbbb,683,56,pppbbbbbbbpppppbbppbbbpbbbbbppbbpbbbbpbpbbppbbppbpbbpppp,pppbbbbbbbp,p
11,pppbbbbbbb,1391,68,pppbbbbbbbbpbbpbbpbpppppbbbppbbpbbpppbpbpbpbbbbbppbbbpbbbpbpbbbbpppb,pppbbbbbbbb,b
11,pppbbbbbbb,3246,55,pppbbbbbbbbppbpbbpbpppppbbpbbppppbbpbpbbbpbbbbbppppbbbb,pppbbbbbbbb,b
11,pppbbbbbbb,5763,61,pppbbbbbbbbbppppbbbbbbbpbppbpbbpbpbppbbpppppbppbppbbbppbpppbb,pppbbbbbbbb,b
11,pppbbbbbbb,6059,53,pppbbbbbbbppbpbpbpppbbbbbpbpbbbpbbbpbpbbbbbppppbbppbp,pppbbbbbbbp,p
11,pppbbbbbbp,1740,45,pppbbbbbbpbbbpbpbbpbbbpbbpbppbppbbpbppppbppbp,pppbbbbbbpb,b
11,pppbbbbbbp,1938,42,pppbbbbbbpbpbpbbpbbpppbpppbbbpppbbpbpbpppp,pppbbbbbbpb,b
11,pppbbbbbbp,2698,60,pppbbbbbbpppbbbbbbbpbpppbbpbpbpbbppppbpbppppppbppbbbpbbbbppp,pppbbbbbbpp,p
11,pppbbbbbbp,4950,42,pppbbbbbbpbbbpbpbbpbbbbpbppbbpbppbbbbpbbbb,pppbbbbbbpb,b
11,pppbbbbbbp,6063,37,pppbbbbbbppbppbbbbbbbppbbppbbpbpbppbp,pppbbbbbbpp,p
11,pppbbbbbpb,651,44,pppbbbbbpbbpbpbppppbbbbbbbbbpbpbpbpbbpbbbbpp,pppbbbbbpbb,b
11,pppbbbbbpb,1096,58,pppbbbbbpbbbbppbbpbbppbbbbpbpbpbpbppbpbpppppbbbbbppbppppbp,pppbbbbbpbb,b
11,pppbbbbbpb,1206,36,pppbbbbbpbpbbbpppppppbpppbppbbppppbb,pppbbbbbpbp,p
11,pppbbbbbpb,1515,66,pppbbbbbpbpbpppbbppbppbpbbbbbpbppbbpbbbbpbpbpppbpbpbbbpbbbpppbbbbp,pppbbbbbpbp,p
11,pppbbbbbpb,2678,54,pppbbbbbpbbbpbpbpbpbbbpbbbppbbpbppbbpbpbbbbpbbbpbbpbbp,pppbbbbbpbb,b
11,pppbbbbbpb,3003,51,pppbbbbbpbpbpbpppbpbppbppbppbppbbbbbpppbbpbbbbppppp,pppbbbbbpbp,p
11,pppbbbbbpb,3619,50,pppbbbbbpbppbpbbbbbpbbppbbppbbppbbppbpbbpppppbpbbb,pppbbbbbpbp,p
11,pppbbbbbpb,3934,51,pppbbbbbpbpbbbppbppbpbpbpbbbppppbbbpbbpbpbpbppppppb,pppbbbbbpbp,p
11,pppbbbbbpb,4133,51,pppbbbbbpbpbppbbbbbbbbbbbpbbbppppbbbbpppbbbpbbbbbbp,pppbbbbbpbp,p
11,pppbbbbbpb,4149,46,pppbbbbbpbbbppbpppbpbbbpbppbppbpbbppbbppppbppp,pppbbbbbpbb,b
11,pppbbbbbpb,5543,41,pppbbbbbpbppbpbbbppbppbbpbbpbbbbpppbbpbpb,pppbbbbbpbp,p
11,pppbbbbbpp,721,40,pppbbbbbpppbpbbbpbppbbbpppbbpbppbpbppbpp,pppbbbbbppp,p
11,pppbbbbbpp,1333,58,pppbbbbbppbbppbbppbbbpbbppppbppbpbbpbbbppbppppbbbpbbpbpbpp,pppbbbbbppb,b
11,pppbbbbbpp,1851,48,pppbbbbbppbpppppbbpbpbppbbbbbbbpbbbbppbppppbbbpb,pppbbbbbppb,b
11,pppbbbbbpp,2828,57,pppbbbbbppbbpbppbpbppbbpbbppppbbppbbppbbppppbpppbpbpbbppp,pppbbbbbppb,b
11,pppbbbbbpp,3684,44,pppbbbbbpppbbbbppbpbbpppppbpbbbpbbbpbpbbpbbb,pppbbbbbppp,p
11,pppbbbbbpp,4247,55,pppbbbbbppbbbppbbbbpbppbpbppppppbbbppbppbpppppbpbpbpbbp,pppbbbbbppb,b
11,pppbbbbbpp,4611,44,pppbbbbbpppbbbpbbbpppbppbppbbbpppbpppbpppbpb,pppbbbbbppp,p
11,pppbbbbbpp,5509,57,pppbbbbbpppppbbbbbppbppbpbbbppbpbbbpbppbpbpbpbpbpppbpbbbb,pppbbbbbppp,p
11,pppbbbbbpp,5599,62,pppbbbbbppbbbpbbbbbpppbpbbpbbpbbpbbpbpppbpbbbpbbbpbbbpppppbbbp,pppbbbbbppb,b
11,pppbbbbbpp,6314,38,pppbbbbbppbppbpbppbbpbpppbbpppbbbpbbpb,pppbbbbbppb,b
11,pppbbbbpbb,694,58,pppbbbbpbbbpbbbppbbbbpppbpppppppbbppbpbbpppbpbpbbpppppbpbp,pppbbbbpbbb,b
11,pppbbbbpbb,5379,44,pppbbbbpbbppbppppbbbbpppbbbpbbbbppbpppbbbpbb,pppbbbbpbbp,p
11,pppbbbbpbp,105,22,pppbbbbpbpppbbpbbbpbpb,pppbbbbpbpp,p
11,pppbbbbpbp,627,44,pppbbbbpbppppbbbbpbpbpbpbbbbpppbbbbbbbppbbpb,pppbbbbpbpp,p
11,pppbbbbpbp,1152,53,pppbbbbpbppbbbpbbppppppppbppppbbpbppbbpbbbppppppppbbb,pppbbbbpbpp,p
11,pppbbbbpbp,1169,65,pppbbbbpbpbppbbpbpbpbbpbpbppbbpppppppbbpppbpbbpbbppbpbbpbbbbpbbbb,pppbbbbpbpb,b
11,pppbbbbpbp,2713,53,pppbbbbpbpbbppbppbpbbpbbpbbpbbbpbpbppbbppbbpppbpbbppp,pppbbbbpbpb,b
11,pppbbbbpbp,2863,46,pppbbbbpbpppbbbpbbppppbpppppbpppbpbpbpbbppbbpp,pppbbbbpbpp,p
11,pppbbbbpbp,4039,68,pppbbbbpbpbppbpppbpbppbbpbpbbbpbpppppbpppbbppppbbpbbbpbbbppbbpbpbbbb,pppbbbbpbpb,b
11,pppbbbbpbp,4388,53,pppbbbbpbpppbpbbpbpbbbppbppbpbppbpbpbppbpbbbbbbbpbppp,pppbbbbpbpp,p
11,pppbbbbppb,641,39,pppbbbbppbbbbbbbbbpbpbbppbbbbpbbpbbbbbp,pppbbbbppbb,b
11,pppbbbbppb,2458,48,pppbbbbppbpppbbbppbbppbppbpbpbbbbpbbbpbbbpbbpbbb,pppbbbbppbp,p
11,pppbbbbppb,2983,52,pppbbbbppbbbbppppbbpbpbpbbppbbpppppbppppppbpppbppppp,pppbbbbppbb,b
11,pppbbbbppb,3399,63,pppbbbbppbpbppbpppbpbpbpbpppbppbbpbpppbbppbpbbbbpbpbbpbbpbppppp,pppbbbbppbp,p
11,pppbbbbppb,3990,46,pppbbbbppbppppbbbpppbpbbbbppbppbpbbpppppbppppp,pppbbbbppbp,p
11,pppbbbbppb,4560,51,pppbbbbppbppbbppppbbpppbbbpppbpppbbpbbbbbpppbbppbpb,pppbbbbppbp,p
11,pppbbbbppb,4561,47,pppbbbbppbbppbbpppbbbpbbbpbpbbbppppbppppbppbpbb,pppbbbbppbb,b
11,pppbbbbppb,4677,57,pppbbbbppbppppbbpbbbpbbbpbppbpppbbpppbbbbppppbpbbpppbbpbp,pppbbbbppbp,p
11,pppbbbbppb,4919,49,pppbbbbppbbbpbppbbpbbpbpbbpbppbbpppbpbppppbpppbpb,pppbbbbppbb,b
11,pppbbbbppb,5595,63,pppbbbbppbbbbpbpbppbbbbpbbbpppbbppbbppppbbbppbbpppppbppbpbppbpp,pppbbbbppbb,b
11,pppbbpbbbb,55,20,pppbbpbbbbbbbbpbbppb,pppbbpbbbbb,b
11,pppbbpbbbb,1023,66,pppbbpbbbbpbpbppbbbbbpbbpbbbbpppbbbbbpbbppppbppbbbbbpbbpbbpppbbbpp,pppbbpbbbbp,p
11,pppbbpbbbb,2085,57,pppbbpbbbbbbppbbppbbbpbpbpbpbbpbbpbbppbpbppbppbppbbbpbbpb,pppbbpbbbbb,b
11,pppbbpbbbb,2213,67,pppbbpbbbbbbbbbbbpbbppbbpbppbbbbppbbbppbbpbpbpbpbpbbbbbppbppbppppbp,pppbbpbbbbb,b
11,pppbbpbbbb,5447,39,pppbbpbbbbbpbbbpbppbbbppbbbpbbppbbppppp,pppbbpbbbbb,b
11,pppbbpbbbb,5535,65,pppbbpbbbbbbbppbbbpppbppbpppbbbppbpbbbpbbppbppbpbpppbbbppbpbbbppb,pppbbpbbbbb,b
11,pppbbpbbbb,5565,64,pppbbpbbbbpbpppbbbbpbpbpbpbbbpbppbpbbpbppbpbbppppbpbbpbbppbppbpb,pppbbpbbbbp,p
11,pppbbpbbbb,6160,49,pppbbpbbbbbbpbpbbpbppppppbbbbbbbbbpppppbpbbbbbpbp,pppbbpbbbbb,b
11,pppbbpbbbb,6362,45,pppbbpbbbbbbpbbpbbppbpbbppppppbbbpbpbbpbppbbp,pppbbpbbbbb,b
11,pppbbpbbpb,172,30,pppbbpbbpbppbpbbbbbppppppbbbpp,pppbbpbbpbp,p
11,pppbbpbbpb,483,64,pppbbpbbpbbpbpbbpbpbppbbbppbpbbpbbpbppbbpbppbbppbbpbbppppbpbbbpb,pppbbpbbpbb,b
11,pppbbpbbpb,2332,66,pppbbpbbpbppppbbbbpbbpbbppbbpppbbbpbbbbbpbbppbbbbbpbppbpbbpbppbbpb,pppbbpbbpbp,p
11,pppbbpbbpb,2982,51,pppbbpbbpbbpbpbppppbbpppbpbbppbbpbbpbbppbbpppbpbbpp,pppbbpbbpbb,b
11,pppbbpbbpb,3851,60,pppbbpbbpbpbpbpppppppbbpbbpbbbpbppbbbpbbpbppppbbpbpbpbbbpbpp,pppbbpbbpbp,p
11,pppbbpbbpp,2554,61,pppbbpbbppbbppbpbpbpppbbpppbpbbpbbbbbpppbppbbpbpppbbpppbpbppp,pppbbpbbppb,b
11,pppbbpbbpp,3541,58,pppbbpbbppppbppppbpbpbpbbbpbpbpbbppbbbppppbbpppbpbpbbbbppp,pppbbpbbppp,p
11,pppbbpbbpp,5966,46,pppbbpbbppppbpbbppbbpbbpbbbpppbbbpbbppbppbbbpp,pppbbpbbppp,p
11,pppbbpbbpp,5968,39,pppbbpbbppbpbpbppbpppbbpbbbbpbpppppppbp,pppbbpbbppb,b
11,pppbbpbpbb,1455,40,pppbbpbpbbpppbppbpbpbbbpbbpppbpbppbpbbpp,pppbbpbpbbp,p
11,pppbbpbpbb,2501,58,pppbbpbpbbpppbpbpbpppbbpbbppbpbpppbbbpbbbpbppbpppbpppbpppb,pppbbpbpbbp,p
11,pppbbpbpbb,3538,59,pppbbpbpbbpppbbpbbpbbppbppbppbbbppbbpbppbppppppbpbpbbpppbbp,pppbbpbpbbp,p
11,pppbbpbpbb,4297,36,pppbbpbpbbbbpbbpbbppbppbbpbbppbpbbpp,pppbbpbpbbb,b
11,pppbbpbpbp,190,20,pppbbpbpbppbbpbpbppb,pppbbpbpbpp,p
11,pppbbpbpbp,1199,35,pppbbpbpbpbbbppbpbppbpbbppbpbpbbbbb,pppbbpbpbpb,b
11,pppbbpbpbp,1380,42,pppbbpbpbpbpbbbpbbpbbbbppbbbppbpbppbbppbbb,pppbbpbpbpb,b
11,pppbbpbpbp,2430,46,pppbbpbpbpbpbpbpbpppbbpbpbbbbbpppbpbpppbpbpbbp,pppbbpbpbpb,b
11,pppbbpbpbp,5325,53,pppbbpbpbppppbppbpbbpppbbppbpbbpbbbppppppbppbbpppbbpp,pppbbpbpbpp,p
11,pppbbpbpbp,6131,48,pppbbpbpbpbpppppppbbbbpbbpppbbbbbpppbppbbbbbpbbp,pppbbpbpbpb,b
11,pppbbpbpbp,6181,51,pppbbpbpbpppbppppbbbbpbppbbpbbbpbppbpbbbbpppbpbpbpb,pppbbpbpbpp,p
11,pppbbpbppb,443,63,pppbbpbppbbppbppbpbbpbppppbbpppppppbppbbbbpbbpppbpbppbppbbbpppp,pppbbpbppbb,b
11,pppbbpbppb,2969,56,pppbbpbppbpbbpbpbbbpppbpppppbbbpbpppbbbppppbppbbppbpbpbp,pppbbpbppbp,p
11,pppbbpbppb,3329,46,pppbbpbppbbbpbbpbbppbbpppbpbppbpppbbppbpbbpbpb,pppbbpbppbb,b
11,pppbbpbppb,3624,60,pppbbpbppbbbppbppppppbppbpbpbbbbpbbbpbbbbbppbbbppbbbppbpbbpb,pppbbpbppbb,b
11,pppbbpbppb,4304,48,pppbbpbppbbbppbbpbpppbpbbppbbpppbbbpbbbpbbbbpbpb,pppbbpbppbb,b
11,pppbbpbppb,5751,36,pppbbpbppbbbppbpppppbppbbppbbpbpppbp,pppbbpbppbb,b
11,pppbbpbppb,6387,49,pppbbpbppbbpbpppbbbpbbbpppbbbppbppbbbpppbbpbbbbbp,pppbbpbppbb,b
11,pppbbppbbp,2535,52,pppbbppbbpbbppbbppbppbbbbbbbbpbbppppbpbbpbbbbppbbbpp,pppbbppbbpb,b
11,pppbbppbbp,4277,57,pppbbppbbpbbbbbbpppbppppbbbbbpppppbppbbbppbpbpppbbpbpbbbb,pppbbppbbpb,b
11,pppbbppbbp,5120,52,pppbbppbbppbbbbppppbppbbbppppbppbbbpbbbbbppbbppbpppb,pppbbppbbpp,p
11,pppbbppbpb,859,43,pppbbppbpbppppppppbbpbbpbpbbbpbbbpppbbbpbpb,pppbbppbpbp,p
11,pppbbppbpb,2315,36,pppbbppbpbbpppbbpbbppbppbbbppbpbbpbb,pppbbppbpbb,b
11,pppbbppbpb,2919,52,pppbbppbpbpppppbpbbbpbpbpbbbbbppppbppppbbbbpbppbbbbp,pppbbppbpbp,p
11,pppbbppbpb,3275,59,pppbbppbpbbbpbpppbbbbppbbbpppbpbbbbbppbpbpbppbpbppbpbppbbbp,pppbbppbpbb,b
11,pppbbppbpb,4260,51,pppbbppbpbbpbbbbppbpppppppbbbbbppbpbbbppbppbpbppbbp,pppbbppbpbb,b
11,pppbbppbpb,5740,51,pppbbppbpbppppbbbbbbpbpbpppbbpbpbpbbpbpppbppbppbbpp,pppbbppbpbp,p
11,pppbbppbpp,406,50,pppbbppbppbbpbppppppbpbbbpbbbpppbbbbppppbbppppppbp,pppbbppbppb,b
11,pppbbppbpp,777,35,pppbbppbppbbbbbppbpbbbbppbbppbppbpp,pppbbppbppb,b
11,pppbbppbpp,809,57,pppbbppbppppppbbppbbppbpbppbpppbpbppbbppppbpbbbppppbbpbbp,pppbbppbppp,p
11,pppbbppbpp,962,58,pppbbppbppbbpppbpbppbbppbbbbpppbpppbbpbbppbbbbbbppbpbppbpp,pppbbppbppb,b
11,pppbbppbpp,2751,37,pppbbppbppbbpbppbppppbbpppbppbpbppbbp,pppbbppbppb,b
11,pppbbppbpp,3242,38,pppbbppbpppbpppbbppppbppppppbbppbbpbbb,pppbbppbppp,p
11,pppbbppbpp,3386,56,pppbbppbpppbbbpppbbbbbpbppbbbppbppbbpbpbpbpbbbpbbpbbppbb,pppbbppbppp,p
11,pppbbppbpp,4216,49,pppbbppbpppppbbppbpbppbpbbbbppbbbppppppbppbpbbbpb,pppbbppbppp,p
11,pppbbppbpp,4385,43,pppbbppbppppbbbpbpppbbpbbbbbbppbbbbpbppbbbb,pppbbppbppp,p
11,pppbbppbpp,5037,36,pppbbppbppbbbbbppbppbpbbbppbbbbpbpbb,pppbbppbppb,b
11,pppbbppbpp,5497,68,pppbbppbpppbbbbbpbppbpbpbbbppppbbbppbbpbpbbbpbpppbpbpppppbbppbpppbbb,pppbbppbppp,p
11,pppbbppppb,2391,52,pppbbppppbbbppbbbbbbpppppppbpppbbbbbbppbbppbbpbbpbbp,pppbbppppbb,b
11,pppbbppppb,2494,56,pppbbppppbbbpbppbpbpbpbbpbbbpbpbpbbbpbpbbpbpbpbpppbbbbpb,pppbbppppbb,b
11,pppbbppppp,1753,61,pppbbpppppbbpppbbppbbbbbbbppppbppbpbpppppbbpbbpbbpbbbbpbbbbpb,pppbbpppppb,b
11,pppbbppppp,2453,46,pppbbpppppbppbpbbbpbppbppbbppbbppbbpbbpbpbpbpp,pppbbpppppb,b
11,pppbbppppp,3942,40,pppbbpppppbbbpbpbbbbpbpbbbpbpbpbbppbbbpb,pppbbpppppb,b
11,pppbbppppp,6367,53,pppbbpppppbppppbbbbpbppppppbppbbpppbppbbppppbbpbbbpbp,pppbbpppppb,b
11,pppbpbbbbb,18,25,pppbpbbbbbbbppppbbbbbbppp,pppbpbbbbbb,b
11,pppbpbbbbb,1445,63,pppbpbbbbbpbpbbpbppppbbbbbbppppbppbbpppbppppbbpppbpbppbpbppppbb,pppbpbbbbbp,p
11,pppbpbbbbb,1912,57,pppbpbbbbbppbbbpbbpbbpbbpbppppbbpbppbpbbbpppbppbppbbppppb,pppbpbbbbbp,p
11,pppbpbbbbb,3876,65,pppbpbbbbbpbbppbbbpbbpbppppbppbbbbpppbpbbbpppbppppbppbbpppppbbppp,pppbpbbbbbp,p
11,pppbpbbbbb,5660,55,pppbpbbbbbbbpbpppppbppbpbppppbppbpbbpbppppbbbpppbbpppbp,pppbpbbbbbb,b
11,pppbpbbbbb,6222,47,pppbpbbbbbpbbpbppbbppbbpbbpbpbpbppppbpbpbbpbbbp,pppbpbbbbbp,p
11,pppbpbbbbb,6385,51,pppbpbbbbbpppbpppbpbppbpbpbpppbbpppbpbppbpppbpbpppp,pppbpbbbbbp,p
11,pppbpbbbbp,33,24,pppbpbbbbppbbpbbpbbbpbpp,pppbpbbbbpp,p
11,pppbpbbbbp,940,59,pppbpbbbbppbbbppbbpbpbpppbbbbbbbpbbppbbpbbpbbpbbpbppbppbpbb,pppbpbbbbpp,p
11,pppbpbbbbp,1141,55,pppbpbbbbppbbbbbpbppbpbbppbbppbpbppbppppbpbbpbpbppbbpbp,pppbpbbbbpp,p
11,pppbpbbbbp,3506,59,pppbpbbbbppbpbbpbbpbbbpbbpbbbppbbpbbpbpbpppppbbpbpbbbbpbpbp,pppbpbbbbpp,p
11,pppbpbbbbp,3568,54,pppbpbbbbppppbbbbbbpppbbbppppbbbpbpbbbbppbbbppbpbppppb,pppbpbbbbpp,p
11,pppbpbbpbb,222,33,pppbpbbpbbbpppbpppbbpppbppbbbbpbb,pppbpbbpbbb,b
11,pppbpbbpbb,1665,37,pppbpbbpbbppbbbppbppbbbppppbpbpbbppbp,pppbpbbpbbp,p
11,pppbpbbpbb,2277,48,pppbpbbpbbppbpbppbpbpbpbpbpbpbpbpppbpbbpbbbbbppp,pppbpbbpbbp,p
11,pppbpbbpbb,2529,62,pppbpbbpbbpbbbpbppppbppbpbbbpbpbbbpbpbbppbbpbpppbpbppbpbpbppbp,pppbpbbpbbp,p
11,pppbpbbpbb,3057,60,pppbpbbpbbbbppbbbbbbbpbbbpbpbpbbbbpbpbbbbbbpbpppbpbbbbpbppbp,pppbpbbpbbb,b
11,pppbpbbpbb,4328,59,pppbpbbpbbpbbpbbbppbpppbbpbppbbpbppbpbpbpbbppbbppbpbbpbbpbb,pppbpbbpbbp,p
11,pppbpbbpbb,5930,55,pppbpbbpbbpppppbppppbbbpbbppbbbbbbpppbppbbbpbbbpbpbbpbb,pppbpbbpbbp,p
11,pppbpbbpbp,1110,51,pppbpbbpbpbpppppbppbppbbpppppbppbpbbbpbbpppbpbpbpbb,pppbpbbpbpb,b
11,pppbpbbpbp,1846,64,pppbpbbpbppbpbbbbpbbbbpbbpppbbbpbbbppbpppbppppbbpbbppbpbpbpbpbpp,pppbpbbpbpp,p
11,pppbpbbpbp,2131,61,pppbpbbpbpppbbpbpbbbpbpbppbpbpppbpbpbbpbbpbppppppbppbpbbppbpp,pppbpbbpbpp,p
11,pppbpbbpbp,4463,43,pppbpbbpbpppppbbbpbbbbbbbbpppbbppbpbbppppbb,pppbpbbpbpp,p
11,pppbpbbpbp,5467,62,pppbpbbpbpppbpbbppbpbpbbbbpbpbbbbppbbppbbppbbbpppbpbpbppbbbpbb,pppbpbbpbpp,p
11,pppbpbbpbp,6187,54,pppbpbbpbpbbpppbppbppbppbpbbpbbpbppbbpppbbpbppppppbbbb,pppbpbbpbpb,b
11,pppbpbbppb,578,43,pppbpbbppbbbpppbbpbpbbpbpbpbbpbbpbbbbpbbbbb,pppbpbbppbb,b
11,pppbpbbppb,3285,38,pppbpbbppbbpbppbbbpbbppbpbbbbbbbbbbbpp,pppbpbbppbb,b
11,pppbpbbppb,3452,67,pppbpbbppbpppbppbbbbbpbpbbbbbbpbbbbpbppppbppbpbpbbppbbppbpbppppbbpp,pppbpbbppbp,p
11,pppbpbbppb,4282,48,pppbpbbppbbppppbpbpbppppbbpbbbbpbbpbbbbbpppppbpb,pppbpbbppbb,b
11,pppbpbbppb,4550,56,pppbpbbppbppbbbppbpbbppppbpbbbbbbbbbbpbbbppbbbbbbppppbpp,pppbpbbppbp,p
11,pppbpbbppb,5366,61,pppbpbbppbbppbpbpbbbpbbppbpbpbbppbppppppbbbpbpbbbbbbbppppbppp,pppbpbbppbb,b
11,pppbpbbppb,5586,37,pppbpbbppbpbppbbbbpbpbppbppbbpbpppbpp,pppbpbbppbp,p
11,pppbpbbppb,6149,55,pppbpbbppbppppbpbbppbbpbbbbbppbbpbbppppbpbpbbbpbppbpbpp,pppbpbbppbp,p
11,pppbpbpbbp,1322,34,pppbpbpbbpbbpbbpppppbpbpbppbbpbbpb,pppbpbpbbpb,b
11,pppbpbpbbp,1857,45,pppbpbpbbpppbbbbbpbpppbpppbpppbpppppbppbppppb,pppbpbpbbpp,p
11,pppbpbpbbp,1944,61,pppbpbpbbpbppbpbbbbbbbbbpbpbbpbbbpppbbpbbbppppbbppppppbbpbbpp,pppbpbpbbpb,b
11,pppbpbpbbp,2278,45,pppbpbpbbpbppbbbpbbpbpbbbbpppbpbbpbpbpbbbppbp,pppbpbpbbpb,b
11,pppbpbpbbp,2396,52,pppbpbpbbppbppppbbpbbbbppbbbbbbbbpbppbbbbppbpbpbpbbp,pppbpbpbbpp,p
11,pppbpbpbbp,3526,52,pppbpbpbbpbbbbpppbppbppbbpbbbpppbppbbbbbbbbpbbbbpppp,pppbpbpbbpb,b
11,pppbpbpbbp,3749,49,pppbpbpbbpppppbbbpbpppbpbpbbpppbbbppppbpbbbpbpbpb,pppbpbpbbpp,p
11,pppbpbpbbp,4020,41,pppbpbpbbpbbbbppppbbbppbpbppbpppbppbpppbb,pppbpbpbbpb,b
11,pppbpbpbbp,4036,60,pppbpbpbbpppbbbpbpbbbbbbpbpbbpppppbbbbpbbppppbbppbppbppbbbbb,pppbpbpbbpp,p
11,pppbpbpbbp,5790,35,pppbpbpbbpbbpbpbppbbbpbbppbbpbbpppp,pppbpbpbbpb,b
11,pppbpbpbbp,5914,63,pppbpbpbbpppbbbbbppppbppppbpbpbpbppppbpbpppbbpbpbbbpppbpbbbbppp,pppbpbpbbpp,p
11,pppbpbpbpb,2218,54,pppbpbpbpbbpbpbbbbbpppppbbppppbpppbpbpbpbpbppbpppbpppb,pppbpbpbpbb,b
11,pppbpbpbpb,3657,38,pppbpbpbpbpppbbpppppbbbpbbbpbppbpbbpbb,pppbpbpbpbp,p
11,pppbpbpbpb,6267,57,pppbpbpbpbppbbbpbpbbpppbbbpbppppppbbppbppbpbpbpbbpppppppp,pppbpbpbpbp,p
11,pppbpbpbpp,144,29,pppbpbpbppbppbpbbpbpppppbppbb,pppbpbpbppb,b
11,pppbpbpbpp,1101,55,pppbpbpbppbbbpppbbbpbbbbbbbpbbpbbpbpbpbbbbbbpbppbbpppbb,pppbpbpbppb,b
11,pppbpbpbpp,3065,50,pppbpbpbpppppbpbpbbbppbpppbppbppbbppppbbppbpppbppb,pppbpbpbppp,p
11,pppbpbpbpp,3120,43,pppbpbpbppbbpbpppbbbbbbbppbbpppbbbpbpbbbpbp,pppbpbpbppb,b
11,pppbpbpbpp,4638,44,pppbpbpbppbbbppbpbppbpppbbbpppbpbpbbpppbbpbp,pppbpbpbppb,b
11,pppbpbpbpp,5458,56,pppbpbpbppbbbppbbbpbpbpbpbbbbbbbbpbpbpbbbpbbppbppbpbpbpp,pppbpbpbppb,b
11,pppbpbpbpp,6084,50,pppbpbpbpppbppbpbppbpbpbpppbbbppppbbpbbbpbbbbbpbpp,pppbpbpbppp,p
11,pppbpbppbb,572,54,pppbpbppbbbbbbpppppppppppppppppbpbpppbbpbpbbppppbpbbpp,pppbpbppbbb,b
11,pppbpbppbb,1343,50,pppbpbppbbppppbbppbppppbbpbppbppppbbpbppppppbpbpbb,pppbpbppbbp,p
11,pppbpbppbb,1396,61,pppbpbppbbbpppbbpbpppbbpbbpppppbbpppbbpbbbbppppbbppbpbbbppbbp,pppbpbppbbb,b
11,pppbpbppbb,1486,38,pppbpbppbbpbpbbpbbpppbbpbbbbbppppbbppp,pppbpbppbbp,p
11,pppbpbppbb,1910,50,pppbpbppbbbpppppbbpbbbpbpppbbbpbbppppppppbbpppppbb,pppbpbppbbb,b
11,pppbpbppbb,2496,58,pppbpbppbbpbpbpbppbbbppbpbbbbbpppbppbbppbppbbppbpbbbpbpppp,pppbpbppbbp,p
11,pppbpbppbb,3928,41,pppbpbppbbbppppbpbpbbpbpbbbbpbbbbpppppppp,pppbpbppbbb,b
11,pppbpbppbp,750,48,pppbpbppbpppbppbpbppbbbbpbbpppbpppbppppbpbbppbbb,pppbpbppbpp,p
11,pppbpbppbp,3573,60,pppbpbppbpbpppbpbbbbppppbbpbbbpbbppbbbppbppbppbpbpppbpbppppp,pppbpbppbpb,b
11,pppbpbppbp,5313,47,pppbpbppbpbbpbbbbbbbbpppppbppppbbpbpbpbbppppbbp,pppbpbppbpb,b
11,pppbpbpppp,279,41,pppbpbppppbpbpbpbpbbpbbbbbbbbbpbpbbpppbbp,pppbpbppppb,b
11,pppbpbpppp,779,53,pppbpbppppppbbpbppbbbpbpppbpbbpbbbppbpbbpbbpppbbpppbb,pppbpbppppp,p
11,pppbpbpppp,1109,31,pppbpbppppbpbbpbbppppbbpppbbppp,pppbpbppppb,b
11,pppbpbpppp,1568,50,pppbpbppppbbbbbpppppbbbbbbbpbbbpppbbppppbpppbbbppb,pppbpbppppb,b
11,pppbpbpppp,2503,56,pppbpbppppbpbppppbbbbbbbbbppppbpppbpbpbbpppbbbpbbpppbppp,pppbpbppppb,b
11,pppbpbpppp,4354,42,pppbpbppppppbpbpppppbbbpbbpbpbbbbpbppbbbpp,pppbpbppppp,p
11,pppbpbpppp,4355,65,pppbpbppppbbbpbpbbpbbbbbbppbpbbppbbpbppbbppbpbbbbpppbbpbbbppppbbb,pppbpbppppb,b
11,pppbppbbbb,554,37,pppbppbbbbbpbbppbbbpbpbbppbpbppppbbbb,pppbppbbbbb,b
11,pppbppbbbb,677,38,pppbppbbbbpbbbpbbbbbpbppppbpppbbpbbppb,pppbppbbbbp,p
11,pppbppbbbb,871,53,pppbppbbbbbbbpbpppbbppbbpbpppbbpbppbppbppbppbbbbpppbb,pppbppbbbbb,b
11,pppbppbbbb,2032,51,pppbppbbbbpppbbppbbpppppppppppppppbpbpbbbbbbpppbppb,pppbppbbbbp,p
11,pppbppbbbb,4082,60,pppbppbbbbbpbbpbpbbpbpppbpppbbpbbbppbbpbbpppbbbbbbpbbbppbppp,pppbppbbbbb,b
11,pppbppbbbb,4164,57,pppbppbbbbbpppbbbpppbbbppbppbbbbpbpbpbbbpbpppbppbbbppbpbp,pppbppbbbbb,b
11,pppbppbbbb,4597,64,pppbppbbbbpbbbbbpbbpbpbbppppbbbpbbbbpppppbpbpbbppbbppbbpbpbppppp,pppbppbbbbp,p
11,pppbppbbbb,4995,38,pppbppbbbbbbbpppbpbppbbbbpbpbbppbpbbbp,pppbppbbbbb,b
11,pppbppbbbb,5989,52,pppbppbbbbbpppbbbpppppbbpbbppbbpbpbbbbbpbbppbpbppbbp,pppbppbbbbb,b
11,pppbppbbpb,31,29,pppbppbbpbpbbpbbpbppbbpbbbpbb,pppbppbbpbp,p
11,pppbppbbpb,526,45,pppbppbbpbbpbpbpbppbpbbbppbbbpppbbppppppbbppb,pppbppbbpbb,b
11,pppbppbbpb,820,68,pppbppbbpbbpbpppbpbbppbppbbpbpbbppppbpbbpppbbbpbbpbbpbpbbbppbbpbbppb,pppbppbbpbb,b
11,pppbppbbpb,3114,60,pppbppbbpbpbpbpbbpbbbbpbbbbpbpbpbbpbbppbpbbpbpbbbpbpbpbbbbpp,pppbppbbpbp,p
11,pppbppbbpb,5007,63,pppbppbbpbppbpbpppbpppbbpbppbbpbbbbpbbbbppbpbbbpbppbbbbpbbppbbb,pppbppbbpbp,p
11,pppbppbbpb,5753,33,pppbppbbpbpppbbppbppbbpppbbpbppbp,pppbppbbpbp,p
11,pppbppbbpb,5819,59,pppbppbbpbbbbpbppbppbbpbpbbbpbbpbppbpbppppbbppbppbbbpppbbbp,pppbppbbpbb,b
11,pppbppbbpb,6177,65,pppbppbbpbbbbppbppppbpbpbbbpppppppbbpbpbpbbbpbpbbpppppbbppbppbbbb,pppbppbbpbb,b
11,pppbppbbpp,213,45,pppbppbbppbbppbpppbbbppppbpbbbppbbbpppbbbpppp,pppbppbbppb,b
11,pppbppbbpp,1077,51,pppbppbbppbpbbbpbbpbbbppbpbpbpbpbpbbbbbpppbpbbbppbb,pppbppbbppb,b
11,pppbppbbpp,3164,66,pppbppbbppppbbbpbbpppbpbpbbbppbppbbpbbbbbpbppbppbbppbppppbpbbpppbp,pppbppbbppp,p
11,pppbppbpbb,3095,53,pppbppbpbbbpbpppbpppppbppbbpppbpppppppppbpppppbbpbbpp,pppbppbpbbb,b
11,pppbppbpbb,4266,60,pppbppbpbbpppbpbbpbbbbppbppbppbpbbpbbpppppbbppppppppbpppbppb,pppbppbpbbp,p
11,pppbppbpbb,4971,62,pppbppbpbbppbpbbpbpbbppbbbpbbbbpbbbpbpbbbbpbbppppbbpppbpbpbppp,pppbppbpbbp,p
11,pppbppbpbp,697,53,pppbppbpbpbppbbbppbpbpbppbbppppbbbpbppbbpbppbppbpbbbp,pppbppbpbpb,b
11,pppbppbpbp,892,35,pppbppbpbpppppbppbbbppbbpppbpppbpbb,pppbppbpbpp,p
11,pppbppbpbp,1314,43,pppbppbpbpbbppppbbbpbbpbpbpppbppbbbbbpbbpbp,pppbppbpbpb,b
11,pppbppbpbp,1989,46,pppbppbpbpbpbppbbbbpbbpbpbbbbppppbpbbbbppppbbb,pppbppbpbpb,b
11,pppbppbpbp,4820,43,pppbppbpbppppbppbppppppbbbpppbbpbppbbpbbppp,pppbppbpbpp,p
11,pppbppbpbp,5104,55,pppbppbpbpbppbpbbbpbppbpppbppbbpbpbbbbbbppppbppbbbbbppp,pppbppbpbpb,b
11,pppbppbpbp,5300,40,pppbppbpbpbpbpbpbppppbpbpppppbpbbpbppbpp,pppbppbpbpb,b
11,pppbppbpbp,5760,58,pppbppbpbppbpppbpbbbpppppbppbpbbbbbpbbbbbbpbbpbpppbbbpbbbb,pppbppbpbpp,p
11,pppbppbppb,1602,57,pppbppbppbbpbbbpbpbbbbpppbpbpbpppbpbpbbppppbpppbbbbbpbppb,pppbppbppbb,b
11,pppbppbppb,2070,50,pppbppbppbpppbbbbbpbbbbpppbbbbpbbpbppppbppbbpbbppp,pppbppbppbp,p
11,pppbppbppb,2272,69,pppbppbppbpbbppppbbbppbbbbbbbpbppbppbppppbbbbbbppbpbpbpbbbbpbpppbbpbb,pppbppbppbp,p
11,pppbppbppb,3432,50,pppbppbppbbbpbpbbbpbbbppppbbbbpbbbppbbpppbpbbppppp,pppbppbppbb,b
11,pppbppbppb,3594,50,pppbppbppbppbpbpbppbpbppbbpbppbbpbpbppbpbpbpppbbbp,pppbppbppbp,p
11,pppbppppbb,255,66,pppbppppbbbpbppppbbpbppbbbpppbbpbppbbbbbpbpppppbbbbbpbbbbbbbbbppbb,pppbppppbbb,b
11,pppbppppbb,3563,50,pppbppppbbpbbbbppppbbpbppbbbbpbpbbbpppppbpbbbbpbbb,pppbppppbbp,p
11,pppbppppbb,5097,44,pppbppppbbpppbppbpppppbpbbbbpppppbbppbbbpppp,pppbppppbbp,p
11,pppbppppbb,5335,50,pppbppppbbbppbppbpppbppbbbppbpbpbbbpbbbppbppbbbbbp,pppbppppbbb,b
11,pppbppppbb,6085,53,pppbppppbbpbbbpbpppbbpbpbppbpbbbppppbpbppbbbpbppbbpbb,pppbppppbbp,p
11,pppbppppbp,1838,49,pppbppppbpppbppbbpppppbppbbpbpbpppbbppbbpbpbbbbpp,pppbppppbpp,p
11,pppbppppbp,2557,49,pppbppppbppppppbpbpppbppbppbpbbpbppbbpbbbbpbpbpbp,pppbppppbpp,p
11,pppbppppbp,3158,51,pppbppppbpbpbppbbpppbbpbpbppbbbbbppppbpbppbppbbpppp,pppbppppbpb,b
11,pppbppppbp,3812,38,pppbppppbpbpbbpbpbppbbpppppppbbpbbbpbb,pppbppppbpb,b
11,pppbppppbp,6305,59,pppbppppbppbbppbpppbppppbpbpbbpbppppbbpppbbbppbbbbpbbbppppb,pppbppppbpp,p
11,pppbpppppb,86,26,pppbpppppbpbpbbppbppppbpbb,pppbpppppbp,p
11,pppbpppppb,581,62,pppbpppppbbppbbpbbbpppbpbpbbbbpppbpppbbbbbbbbbbbppbbbbppbbbbbp,pppbpppppbb,b
11,pppbpppppb,764,70,pppbpppppbppbbbbbbbpbbppbpbpbppbbbbppbpppppppbpbpbbpppbpbppppbpbpbppbp,pppbpppppbp,p
11,pppbpppppb,2127,56,pppbpppppbpbbpbppbbbbbpppbppppbpbbbppbbbpppbbpbpbbpppbpp,pppbpppppbp,p
11,pppbpppppb,2598,47,pppbpppppbpbpbbpbbpbpppppbbbbbbpbbbbbppppbppbpb,pppbpppppbp,p
11,pppbpppppb,4484,50,pppbpppppbppbpbbbppbpbbpppppppbpppbbppbppbpbpppppb,pppbpppppbp,p
11,pppbpppppb,4579,58,pppbpppppbpbpppbbbbbpbbppbbbbpbpppbppbpbbbbbbbbppbbbpbbpbp,pppbpppppbp,p
11,pppbpppppb,5627,48,pppbpppppbbppbbbbbbppbbpbbbbpbbppppbbbpppppbppbb,pppbpppppbb,b
11,pppbpppppp,1965,45,pppbppppppppppbppbbbbbbbpbppbpbpppbbpbpbpppbp,pppbppppppp,p
11,pppbpppppp,2067,45,pppbppppppbbppbppbbpbbpbbbppbbppbbpbbbbbppbbb,pppbppppppb,b
11,pppbpppppp,2408,58,pppbpppppppppppbpppbbbbppbpbbpbpbpbppbbppbpbppppbbbppppbpb,pppbppppppp,p
11,pppbpppppp,5320,54,pppbppppppbpbppbbpbbpbbbbbpppbbbbpbbbpbbpbpbpbbpppbbpb,pppbppppppb,b
11,pppbpppppp,6035,44,pppbpppppppbpppbbbpbpbbpbbpbpppbpbpbppbbbbbb,pppbppppppp,p
13,bpbbbpbbbbbb,4012,47,bpbbbpbbbbbbbpbbbpbbbpbbbbbpbpppppbbppbbppbbpbb,bpbbbpbbbbbbb,b
13,bpbbbpbbbbbb,4651,59,bpbbbpbbbbbbbpppbbbbpbbpbbppbbppppppbbppbbpbbbbppbpbbbbppbb,bpbbbpbbbbbbb,b
13,bpbbbpbbbbpb,1325,50,bpbbbpbbbbpbpppbppbbpbpppbbbpppbbppppbbbpbbbpbbpbb,bpbbbpbbbbpbp,p
13,bpbbbpbbbbpb,2709,44,bpbbbpbbbbpbpbbbbbppppppbpbbppbppbbpbbbbpppb,bpbbbpbbbbpbp,p
13,bpbbbpbbbbpb,2917,61,bpbbbpbbbbpbbbbbpbpbpbpbbpbppbpbpppbbbbbppppppppbbpbpbbbppbpp,bpbbbpbbbbpbb,b
13,bpbbbpbbbbpb,3885,61,bpbbbpbbbbpbppppbbbppppbbpbbppbpbbpbbppbppbpbppppbbppbpbbbpbp,bpbbbpbbbbpbp,p
13,bpbbbpbbbbpb,3921,56,bpbbbpbbbbpbppppbbppbbbbbppbpbpbpbpbbpbpbbbbpbpbpbbbbbpb,bpbbbpbbbbpbp,p
13,bpbbbpbbbbpb,4616,65,bpbbbpbbbbpbpppbppbbbpbppbbbbbbbpbpbpbbbbpbpppbpbbpbpppbppppppbpb,bpbbbpbbbbpbp,p
13,bpbbbpbbbbpp,5226,49,bpbbbpbbbbppppbbpbbppbppbbpppppbpbppbppppbpbpbppb,bpbbbpbbbbppp,p
13,bpbbbpbbbbpp,5864,40,bpbbbpbbbbpppbpbbbbppbbbppbbpbpppbbbppbb,bpbbbpbbbbppp,p
13,bpbbbpbbpbbp,4968,50,bpbbbpbbpbbppppbpbpbbppbpbpbbppbbpbpbbpppbbpbppbbb,bpbbbpbbpbbpp,p
13,bpbbbpbbpbpb,6265,45,bpbbbpbbpbpbbbbpbbppbbpbpbbpbpbbppbppbpbbbbpb,bpbbbpbbpbpbb,b
13,bpbbbpbbpbpp,2129,56,bpbbbpbbpbppppbbbpbbppbbbbbpbbbbpbppbpbpbpbbppppbpbpbbbb,bpbbbpbbpbppp,p
13,bpbbbpbbpbpp,3476,50,bpbbbpbbpbppbpbpbpppbpppbbpbbppbpbpbbpbpbbbbbbppbp,bpbbbpbbpbppb,b
13,bpbbbpbbpbpp,4191,61,bpbbbpbbpbppbppbpbppbpppbbbpbpbbppbppbpbbbbbbpppbpppbpbppbbbb,bpbbbpbbpbppb,b
13,bpbbbpbbppbb,1011,30,bpbbbpbbppbbpbbpbpbpbbbppbbbpp,bpbbbpbbppbbp,p
13,bpbbbpbbppbb,2437,66,bpbbbpbbppbbbbpppbpbpbbppbbpbpbpppbppbpbbbbbbbpppbpppbpppbppbbpbpp,bpbbbpbbppbbb,b
13,bpbbbpbbppbb,4160,44,bpbbbpbbppbbppbbpbpbbbbppbpppbpbbbbbbppbpppp,bpbbbpbbppbbp,p
13,bpbbbpbbppbp,2036,57,bpbbbpbbppbpbpbbbppppbbpppbbbbppbpbpbppbbppbbpbbpbbbppbbb,bpbbbpbbppbpb,b
13,bpbbbpbbpppp,63,20,bpbbbpbbppppbpbpbpbp,bpbbbpbbppppb,b
13,bpbbbpbpbbbb,22,21,bpbbbpbpbbbbppbbbbbpp,bpbbbpbpbbbbp,p
13,bpbbbpbpbbbb,690,52,bpbbbpbpbbbbbpbppbppppppppbbppbpbpbbbbpbpbpbbppbpppb,bpbbbpbpbbbbb,b
13,bpbbbpbpbbbb,2981,33,bpbbbpbpbbbbpbpbpppbpppbbbpbbbbpp,bpbbbpbpbbbbp,p
13,bpbbbpbpbbbb,4432,64,bpbbbpbpbbbbppbppbpbpbpbpppppppbppbbbbbpbpbbbbppbppbbbbpbbbppppb,bpbbbpbpbbbbp,p
13,bpbbbpbpbbpb,1365,45,bpbbbpbpbbpbpbpbpbppbbbbpbbbbbpppbpbpbbbbpppb,bpbbbpbpbbpbp,p
13,bpbbbpbpbbpb,3031,66,bpbbbpbpbbpbbbpbbbbbbbppbbbpbbbbppbbbppppbpbbbpbpppbpppbbbbbppbbbp,bpbbbpbpbbpbb,b
13,bpbbbpbpbbpb,3201,60,bpbbbpbpbbpbppppbbpbbbbbpppbbbbbpbpbppbpppppbpppppbbppbbbppb,bpbbbpbpbbpbp,p
13,bpbbbpbpbbpb,6001,40,bpbbbpbpbbpbppbpbppbpbpppbppbbbbpbpbbpbb,bpbbbpbpbbpbp,p
13,bpbbbpbpbbpp,5428,52,bpbbbpbpbbppbpbbbpbpbpppbbbpbbppbbbbppppbbpbpbbbpppp,bpbbbpbpbbppb,b
13,bpbbbpbpbpbb,1986,49,bpbbbpbpbpbbpbbbbppbpbppbbppbppbbpbbbbpppppbbbbbp,bpbbbpbpbpbbp,p
13,bpbbbpbpbpbp,3605,58,bpbbbpbpbpbppbpppbpbppbbppbbbpbpppbpbbbpbbpbbppbpbppppbpbb,bpbbbpbpbpbpp,p
13,bpbbbpbpbpbp,4913,61,bpbbbpbpbpbppbbpbbpbpbbbbpbbpbbpbbppbbppbbppppbppbbpbpbbbpbbp,bpbbbpbpbpbpp,p
13,bpbbbpbppbpb,5301,35,bpbbbpbppbpbbpbpbpbppbbpbbpbppppbpp,bpbbbpbppbpbb,b
13,bpbbbpbppbpp,4630,44,bpbbbpbppbppbppppbpbppbpbbbbppbppppbppbpbpbp,bpbbbpbppbppb,b
13,bpbbbpbppbpp,4777,63,bpbbbpbppbppbpbbbppbbppppbbppppppppbppbpbbbbbbbpppbppbbppppbbpp,bpbbbpbppbppb,b
13,bpbbbpbppppb,2050,47,bpbbbpbppppbppbbppbppppbbbbbbbpppbbpbpbppppbbpb,bpbbbpbppppbp,p
13,bpbbbpbppppb,3213,53,bpbbbpbppppbpbpbppppbpbpbbbbpbpbbppbpppppbbbpppppbpbb,bpbbbpbppppbp,p
13,bpbbbppbbbbp,549,35,bpbbbppbbbbpbpppbpppbppppbpbppbbppp,bpbbbppbbbbpb,b
13,bpbbbppbbbbp,1113,50,bpbbbppbbbbpbbppbbbbpppbpppbbpbpbpbbbbbbbbbbbpbbbp,bpbbbppbbbbpb,b
13,bpbbbppbbbbp,1887,62,bpbbbppbbbbpppbpppppbpppppbbppbpppppbppppbpppppbbbppbbbbpppbbp,bpbbbppbbbbpp,p
13,bpbbbppbbpbb,382,64,bpbbbppbbpbbbppbpbbpbbpbppbbppbpppbpbbppbpbbbbbppbpppbbpbbppbbbp,bpbbbppbbpbbb,b
13,bpbbbppbbpbb,4095,46,bpbbbppbbpbbpbpbpppbbpbbbbppbppbbbppbbbbbppbbb,bpbbbppbbpbbp,p
13,bpbbbppbbpbp,4163,41,bpbbbppbbpbpbpbpbpbpbppbpbbbppbbbpbbpbpbb,bpbbbppbbpbpb,b
13,bpbbbppbpbbp,983,53,bpbbbppbpbbppppbppbbppbppppbbbbbpppbbppppppbpbppbpppp,bpbbbppbpbbpp,p
13,bpbbbppbpbbp,2139,53,bpbbbppbpbbpbpbbppppppbbbppbpbbbpbpbbbbbbbppppbbpbbbp,bpbbbppbpbbpb,b
13,bpbbbppbpbpb,5982,42,bpbbbppbpbpbbbbpppbpppbbpppbbbbpbbbpbbbbpb,bpbbbppbpbpbb,b
13,bpbbbppbpbpp,2674,48,bpbbbppbpbpppbbpppbbbppbbppbbbbpppbbppbbpbbpbpbp,bpbbbppbpbppp,p
13,bpbbbppbppbb,886,53,bpbbbppbppbbpbbbppbpbppbpbbpbpppbbbpbpppbbbbbpbbbpbpp,bpbbbppbppbbp,p
13,bpbbbppbppbb,920,53,bpbbbppbppbbpppbbbbppbppbbbppbbpbbbbbbbbbbpbbbppbbbbp,bpbbbppbppbbp,p
13,bpbbbppbppbb,2729,62,bpbbbppbppbbbbbbbpppbpbbbbbbbpbbbbbbppbbpppbbbbbpppppbbppppbbb,bpbbbppbppbbb,b
13,bpbbbppbppbp,4364,61,bpbbbppbppbppbpppbppbbpbppbppbppbpbppbbbbppbbpbpbbbpppbpbpbpb,bpbbbppbppbpp,p
13,bpbbbppppbpb,2092,62,bpbbbppppbpbbbpbbpbbpbbbpbppppppbpbbppbbppbbpbbpppbpppbbbbppbb,bpbbbppppbpbb,b
13,bpbbbppppbpp,285,26,bpbbbppppbpppbppppbppppppb,bpbbbppppbppp,p
13,bpbbbppppbpp,1751,51,bpbbbppppbpppppbpppbppppppbpppbppppbbpbpbbbbbppbbpb,bpbbbppppbppp,p
13,bpbbbppppppp,4047,46,bpbbbpppppppppbbbpbbbpppbbbppbbpbbppppbpbpbpbb,bpbbbpppppppp,p
13,pbpppbbbbbbb,5135,51,pbpppbbbbbbbbpbbpbpppbpppbbbbbppbpppbbbbppbppbbbppb,pbpppbbbbbbbb,b
13,pbpppbbbbbpp,2269,65,pbpppbbbbbpppbppbbbbbpbpbbbpbppppbbpbppbbbppbpppbbbbppbpppbpbbppb,pbpppbbbbbppp,p
13,pbpppbbbbbpp,6311,51,pbpppbbbbbppbpbbbppbbpbbpbpbbpppbbpppbpbbpppbbppbbp,pbpppbbbbbppb,b
13,pbpppbbbbpbb,5160,34,pbpppbbbbpbbpbppbpbpbpppbbpbbbpbpp,pbpppbbbbpbbp,p
13,pbpppbbbbpbp,535,39,pbpppbbbbpbppbpbpbppppppbbbbpbpbbpppppb,pbpppbbbbpbpp,p
13,pbpppbbbbpbp,4437,34,pbpppbbbbpbpbpbbpbbbpbpbpbpppppbbb,pbpppbbbbpbpb,b
13,pbpppbbbbppb,3389,54,pbpppbbbbppbbbbppbbpbpppppbbpppbbppbpbpbbbppbpbbbppbpb,pbpppbbbbppbb,b
13,pbpppbbpbbbb,108,20,pbpppbbpbbbbpppbbbbb,pbpppbbpbbbbp,p
13,pbpppbbpbbpb,5499,46,pbpppbbpbbpbpbbpbbbbppbpbbpbpppppbbpbbppppbbpb,pbpppbbpbbpbp,p
13,pbpppbbpbpbb,5834,40,pbpppbbpbpbbppbppbppppbbpbbbbbbppbbpbbpb,pbpppbbpbpbbp,p
13,pbpppbbpbpbb,6108,43,pbpppbbpbpbbbbbbbpbbppbpbbbbpppbbbpppbbbpbp,pbpppbbpbpbbb,b
13,pbpppbbpbpbp,245,27,pbpppbbpbpbpbpbpbpbpbbbppbb,pbpppbbpbpbpb,b
13,pbpppbbppbbp,2743,52,pbpppbbppbbpbbbpbbpbpbppppppppbppbbbpppppbbpbbbpbpbb,pbpppbbppbbpb,b
13,pbpppbbppbbp,4721,44,pbpppbbppbbpbppbbbbbppppbbbpppbpbppppppbbpbp,pbpppbbppbbpb,b
13,pbpppbbppbpb,2994,56,pbpppbbppbpbbbpbbpbbpppppbpbbpppbbppbbbbpbbpbppbbbbbppbp,pbpppbbppbpbb,b
13,pbpppbbppbpb,5028,43,pbpppbbppbpbbbpppbbbbpbpppbbbpbppbbpbbbbppp,pbpppbbppbpbb,b
13,pbpppbbppppb,3006,44,pbpppbbppppbbbppbpbpppbpbbppbbpbpbpbbpbppppb,pbpppbbppppbb,b
13,pbpppbbppppp,371,57,pbpppbbpppppbppppbpppbbpppbppbbbppppbpbbpbbpbbpbpbpbbpbpp,pbpppbbpppppb,b
13,pbpppbbppppp,3826,59,pbpppbbpppppppbpbbbbbpbppbbpbpppbbbpppbbpbppppbbppbpppbbbpp,pbpppbbpppppp,p
13,pbpppbpbbbbb,2518,44,pbpppbpbbbbbpbppbppbpbbbppppppbbbbpbbpbpbppb,pbpppbpbbbbbp,p
13,pbpppbpbbbbp,563,66,pbpppbpbbbbpppbppbbbbpppbbbpbbpbpbppppbbpbpppppbppbbbpbbpppbbpbpbb,pbpppbpbbbbpp,p
13,pbpppbpbbpbb,634,44,pbpppbpbbpbbbppbbbbpbpbbppbbpppbpbpppbpbbbbp,pbpppbpbbpbbb,b
13,pbpppbpbbpbb,3022,56,pbpppbpbbpbbpppppppbppbbbbbpbbpbppbbbbbppppppppbbbpbppbp,pbpppbpbbpbbp,p
13,pbpppbpbbpbb,5376,64,pbpppbpbbpbbpbbbbpbppppbppbppbpbbbbbpbbpbbpbpbbbbbpppbpbpppppbpp,pbpppbpbbpbbp,p
13,pbpppbpbbpbb,5476,58,pbpppbpbbpbbpppbbbbppppbbppbpbpbbbpbbppppppppbpppbbbpbpbbb,pbpppbpbbpbbp,p
13,pbpppbpbbpbb,5643,61,pbpppbpbbpbbpppbbpbppppbpbpbbppppbpbbbbppbppbbbbppppbpbbbbpbp,pbpppbpbbpbbp,p
13,pbpppbpbbpbp,636,30,pbpppbpbbpbpbpbbbbppppppbbpppp,pbpppbpbbpbpb,b
13,pbpppbpbbpbp,1959,56,pbpppbpbbpbpbpbbpbbpbpbpbpbbbpbbbbbbppbbpbbppbbppbppbpbb,pbpppbpbbpbpb,b
13,pbpppbpbbpbp,5435,39,pbpppbpbbpbppbbbbppbpbpppppbbppbbbbppbp,pbpppbpbbpbpp,p
13,pbpppbpbpbbp,1147,46,pbpppbpbpbbpbbbpbbbbbpppbbpbbbppbppbbbppbppbbb,pbpppbpbpbbpb,b
13,pbpppbpbpbbp,4363,56,pbpppbpbpbbpbpbppppbpbbpbppbpppppbbppbpbbppbppbpppbpbbpp,pbpppbpbpbbpb,b
13,pbpppbpbpbbp,4722,44,pbpppbpbpbbpbpppppbbpbbpppbbbbbbpbbbppbbbbbb,pbpppbpbpbbpb,b
13,pbpppbpbpbpb,3698,50,pbpppbpbpbpbpppbpbbbppppbbbpppbpppbpppppppbbppppbb,pbpppbpbpbpbp,p
13,pbpppbpbpbpb,4063,62,pbpppbpbpbpbpbbbpbppppbbpbppppbbpbbppbbbpbpppbppbpbbpbbbbbpbbp,pbpppbpbpbpbp,p
13,pbpppbpbpbpp,5154,58,pbpppbpbpbpppbbbppbbbbppbppbpbbppppppbpbbppbbbbpbpbppppppb,pbpppbpbpbppp,p
13,pbpppbpbpppp,5756,52,pbpppbpbpppppppppbbpbpppbbbbbppbppbbpbbpbbbpbbppbpbp,pbpppbpbppppp,p
13,pbpppbppbpbb,59,26,pbpppbppbpbbbbpbbpbbbbbpbp,pbpppbppbpbbb,b
13,pbpppbppbpbb,2107,62,pbpppbppbpbbppbbbbpbpbpbbpbbbbppbpbbpbppbbpbbbbbbbpbpppbbpbbbp,pbpppbppbpbbp,p
13,pbpppbppbpbb,4462,52,pbpppbppbpbbbbbpbbpbbbbbbbpppbbpbpbbpbpbpbbbbpbppbbb,pbpppbppbpbbb,b
13,pbpppbppbppb,2132,44,pbpppbppbppbbbpbbbppppbpbpbpppbpbbbbbbbpppbp,pbpppbppbppbb,b
13,pbpppbppbppb,5631,50,pbpppbppbppbpppbpbbbpbppbbppbbbbppbpbpbbbbbpppbbbb,pbpppbppbppbp,p
13,pbpppbppppbb,1693,62,pbpppbppppbbbbbbpppbbbppbpbpbppbbbbbpbpbbbppbbbpbbbbbppbbbppbp,pbpppbppppbbb,b
13,pbpppbppppbb,3832,44,pbpppbppppbbbpbpppppbbbpppbbppbbpbpbbpbpppbp,pbpppbppppbbb,b
13,pbpppbppppbb,4261,51,pbpppbppppbbpbpbbpbbbppbpbpbbbbpppbbpbbbpbppbpbbpbb,pbpppbppppbbp,p
13,pbpppbppppbp,4965,51,pbpppbppppbpbbppbpbpbppppbppbpbppppbpppbbbbpbbbpbpb,pbpppbppppbpb,b
13,pbpppbpppppb,4389,50,pbpppbpppppbppbpppbpppppbbbpbpppbbbppbbbpbbbbbbbbp,pbpppbpppppbp,p
13,pbpppbpppppp,2033,43,pbpppbpppppppppppbbpbpbppppbpbppbbpbppbbbpb,pbpppbppppppp,p
13,pbpppbpppppp,4582,46,pbpppbppppppppbbpppbpbbpppppbpppbbppbbpbpbbpbb,pbpppbppppppp,p
