No,prefix,전체 빈도,빈도 기반_예측,빈도 기반_신뢰도(%),빈도 기반_예측빈도,가중치 기반_예측,가중치 기반_신뢰도(%),가중치 기반_예측빈도,시뮬레이션 승률(%)
71,pbbbbppb,639,p,51.8,639,b,69.25,10.5,74.5
113,pbppbbbb,644,p,51.71,644,b,54.22,12.2,66.7
11,bpbbpbpb,670,p,52.99,670,p,50.04,7.9,64.9
110,pbpbppbp,617,b,52.51,617,p,56.32,8.0,62.5
3,bpbbbbpb,721,b,51.04,721,p,50.17,10.6,62.3
30,bpbpppbp,605,b,53.72,605,b,56.51,9.0,61.2
118,pbppbpbp,659,p,52.5,659,p,75.49,6.5,60.4
126,pbppppbp,587,b,52.81,587,b,58.73,8.2,59.3
120,pbppbppp,575,b,54.61,575,b,71.85,7.9,59.0
108,pbpbpbpp,645,b,53.02,645,b,60.49,8.9,58.6
31,bpbppppb,655,b,52.06,655,p,50.74,11.5,58.3
45,bppbppbb,640,p,51.56,640,b,65.31,7.8,58.3
75,pbbbpbpb,673,p,53.05,673,p,62.29,12.0,58.1
42,bppbpbbp,682,b,55.43,682,b,60.97,12.7,57.8
127,pbpppppb,593,b,50.42,593,b,55.5,11.2,56.5
95,pbbppppb,641,p,53.98,641,p,54.11,11.1,56.4
24,bpbpbppp,638,b,50.63,638,p,64.69,9.2,56.3
7,bpbbbppb,666,p,51.65,666,b,57.19,12.1,56.1
116,pbppbbpp,648,b,53.4,648,b,52.34,12.0,56.1
85,pbbpbpbb,654,b,51.99,654,b,52.78,8.8,55.7
15,bpbbpppb,702,b,51.85,702,p,50.97,11.2,55.6
37,bppbbpbb,663,p,50.98,663,p,65.43,10.9,55.6
91,pbbppbpb,669,b,53.66,669,b,63.08,11.2,55.4
107,pbpbpbpb,642,b,53.27,642,p,57.37,8.3,55.1
18,bpbpbbbp,680,b,50.88,680,p,61.94,8.3,54.5
36,bppbbbpp,576,b,50.17,576,p,51.71,9.3,54.5
92,pbbppbpp,631,p,51.66,631,p,56.78,8.5,54.3
84,pbbpbbpp,647,p,50.54,647,b,55.16,10.5,54.2
38,bppbbpbp,643,p,50.39,643,b,52.71,7.6,54.1
10,bpbbpbbp,726,b,55.1,726,b,61.37,6.9,54.0
62,bpppppbp,580,b,50.86,580,b,53.11,8.2,53.9
82,pbbpbbbp,668,b,52.69,668,b,63.58,13.9,53.9
65,pbbbbbbb,694,p,50.72,694,p,58.33,11.6,53.7
52,bpppbbpp,618,p,50,618,b,50.14,11.1,53.6
20,bpbpbbpp,643,p,50.86,643,p,60.66,6.6,53.3
59,bppppbpb,660,b,51.67,660,b,50.53,11.0,53.2
90,pbbppbbp,659,p,50.08,659,b,62.4,6.7,52.8
54,bpppbpbp,625,b,51.84,625,b,57.41,7.7,52.6
74,pbbbpbbp,677,b,51.99,677,b,57.87,8.5,52.6
112,pbpbpppp,607,b,52.39,607,b,51.91,11.5,52.6
121,pbpppbbb,635,b,53.7,635,p,56.15,7.3,52.5
27,bpbppbpb,646,b,50.46,646,b,61.2,8.3,52.2
33,bppbbbbb,616,b,55.19,616,p,56.03,10.8,52.2
47,bppbpppb,613,p,50.41,613,p,54.3,10.0,51.9
68,pbbbbbpp,591,p,52.12,591,p,59.61,9.4,51.9
8,bpbbbppp,595,p,50.42,595,b,50.83,10.9,51.7
64,bppppppp,577,b,50.95,577,p,52.92,11.2,51.7
12,bpbbpbpp,700,p,51.86,700,p,50.03,9.8,51.6
50,bpppbbbp,619,p,51.05,619,p,52.38,11.3,51.6
13,bpbbppbb,646,p,50.62,646,b,74.43,7.8,51.5
128,pbpppppp,578,b,50.17,578,b,53.1,10.0,51.5
102,pbpbbpbp,653,p,52.07,653,p,51.05,8.1,51.2
122,pbpppbbp,639,b,51.17,639,b,56.62,12.8,51.1
48,bppbpppp,551,p,50.45,551,p,61.05,5.9,50.8
56,bpppbppp,611,b,52.05,611,p,51.71,10.7,50.8
117,pbppbpbb,630,p,52.06,630,p,63.34,10.4,50.7
93,pbbpppbb,655,p,52.37,655,b,51.6,10.2,50.4
5,bpbbbpbb,735,b,51.97,735,b,68.96,11.7,50.0
23,bpbpbppb,691,b,56.01,691,b,63.85,11.8,50.0
61,bpppppbb,601,p,51.58,601,b,56.08,12.2,50.0
98,pbpbbbbp,626,b,54.31,626,p,53.09,13.1,50.0
119,pbppbppb,610,b,53.11,610,b,57.22,7.1,50.0
46,bppbppbp,617,b,53.48,617,b,56.29,8.1,49.7
103,pbpbbppb,630,p,50.32,630,p,53.03,6.2,49.6
51,bpppbbpb,673,p,50.67,673,p,53.17,11.8,49.0
83,pbbpbbpb,737,p,50.07,737,p,55.71,9.7,48.8
44,bppbpbpp,654,b,53.67,654,p,57.76,8.6,48.7
76,pbbbpbpp,606,p,51.65,606,p,56.73,12.0,48.7
89,pbbppbbb,652,p,50.15,652,p,51.03,11.3,48.7
105,pbpbpbbb,681,p,50.66,681,b,55.44,9.2,48.7
96,pbbppppp,583,p,50.26,583,p,53.16,10.9,48.4
16,bpbbpppp,609,b,52.05,609,b,51.48,8.5,48.0
1,bpbbbbbb,666,b,51.2,666,b,65.28,10.6,47.9
32,bpbppppp,598,b,52.01,598,b,65.41,10.3,47.9
69,pbbbbpbb,670,p,53.28,670,b,52.74,9.3,47.9
67,pbbbbbpb,632,b,50.95,632,b,61.83,11.4,47.8
78,pbbbppbp,655,b,51.45,655,p,51.43,12.2,47.8
17,bpbpbbbb,664,b,54.67,664,b,51.92,9.6,47.6
79,pbbbpppb,598,p,51.67,598,b,58.47,10.0,47.6
88,pbbpbppp,669,p,51.27,669,p,57.87,10.8,47.6
26,bpbppbbp,668,b,51.35,668,p,63.57,12.0,47.5
35,bppbbbpb,660,b,52.42,660,b,57.41,9.6,46.8
125,pbppppbb,638,p,50.16,638,p,60.34,9.8,46.4
66,pbbbbbbp,638,p,50.16,638,b,70.34,9.6,46.3
22,bpbpbpbp,628,p,50.8,628,p,53.46,9.1,46.2
77,pbbbppbb,606,b,51.82,606,p,83.79,10.9,46.2
111,pbpbpppb,623,b,52.17,623,p,59.13,7.1,46.2
60,bppppbpp,615,b,50.41,615,b,58.84,8.0,45.7
14,bpbbppbp,646,b,52.17,646,b,63.6,8.4,45.6
100,pbpbbbpp,646,b,52.01,646,p,59.92,9.8,45.5
94,pbbpppbp,657,b,53.12,657,p,63.24,10.0,45.3
81,pbbpbbbb,675,p,54.96,675,p,53.67,8.9,45.2
97,pbpbbbbb,676,b,50.59,676,p,52.43,10.8,45.2
80,pbbbpppp,602,b,54.65,602,b,56.17,10.4,45.1
99,pbpbbbpb,703,b,51.21,703,p,74.78,9.1,45.1
21,bpbpbpbb,694,b,50.29,694,b,61.32,6.6,44.7
115,pbppbbpb,688,p,51.16,688,b,53.95,9.2,44.7
124,pbpppbpp,600,p,50.83,600,b,52.78,8.1,44.7
9,bpbbpbbb,694,b,53.03,694,p,54.8,14.7,44.6
70,pbbbbpbp,659,p,50.99,659,b,67.17,8.5,44.6
49,bpppbbbb,623,p,50.24,623,b,51.99,8.8,44.4
72,pbbbbppp,597,b,50.08,597,p,54.36,15.1,43.8
19,bpbpbbpb,651,b,50.69,651,b,53.1,8.0,43.6
43,bppbpbpb,618,p,50.65,618,p,55.99,5.8,43.6
101,pbpbbpbb,676,b,51.33,676,b,76.98,11.2,43.6
2,bpbbbbbp,645,b,50.23,645,b,74.4,10.0,43.1
39,bppbbppb,667,b,50.52,667,b,53.67,11.1,42.9
86,pbbpbpbp,682,p,51.76,682,b,51.43,7.9,42.5
87,pbbpbppb,678,b,50.74,678,b,53.79,11.2,42.4
63,bppppppb,575,b,50.96,575,p,53.15,8.8,41.9
28,bpbppbpp,612,b,50.16,612,p,55.01,8.5,41.5
73,pbbbpbbb,696,p,50.86,696,b,53.29,12.6,40.8
41,bppbpbbb,669,p,51.72,669,b,58.32,12.2,40.6
53,bpppbpbb,657,p,50.99,657,b,56.69,11.7,40.4
58,bppppbbp,647,b,52.09,647,b,64.25,12.0,40.3
29,bpbpppbb,669,p,52.32,669,p,70.26,10.1,40.0
114,pbppbbbp,615,b,50.73,615,p,57.48,10.2,40.0
57,bppppbbb,599,b,51.59,599,b,59.35,9.6,39.6
104,pbpbbppp,645,b,54.42,645,b,60.01,10.1,39.5
109,pbpbppbb,704,p,50.57,704,p,54.01,12.7,39.5
106,pbpbpbbp,645,p,50.85,645,p,51.61,6.4,39.3
55,bpppbppb,594,b,50.17,594,p,51.33,8.5,38.7
123,pbpppbpb,627,b,50.24,627,b,62.23,9.3,37.9
6,bpbbbpbp,686,p,50.15,686,p,51.17,13.9,37.8
25,bpbppbbb,686,p,50.73,686,b,59.49,12.0,37.8
34,bppbbbbp,641,b,50.23,641,p,54.19,10.2,36.6
4,bpbbbbpp,621,b,50.24,621,p,61.46,13.1,36.4
40,bppbbppp,630,b,52.54,630,p,62.36,11.1,29.5
